study_id,title,authors,year,model_architecture,model_architecture_citation,benchmark_dataset,benchmark_dataset_citation,segmentation_accuracy_miou,segmentation_accuracy_miou_citation,edge_hardware_device,edge_hardware_device_citation,inference_fps,inference_fps_citation,runtime_precision_resolution,runtime_precision_resolution_citation,hardware_power_watts,hardware_power_watts_citation
SCI-000482,Deep Learning with Unsupervised Data Labeling for Weed Detection in Line Crops in UAV Images,"{'family_name': 'Bah', 'given_name': 'Mamadou Dian', 'orcid': 'https://orcid.org/0000-0002-0733-8587'}, {'family_name': 'Hafiane', 'given_name': 'Adel', 'orcid': 'https://orcid.org/0000-0003-3185-9996'}, {'family_name': 'Canals', 'given_name': 'Raphaël', 'orcid': 'https://orcid.org/0000-0001-9100-7539'}",2018,Not Reported,,Not Reported,,include the potential weeds in weeds samples,[SCI-000482#experiment#chk-2018-5a36f9-experiments-were-con-22],Not Reported,,"of images, we applied an overlapping window to classify each pixel in UAV images",[SCI-000482#experiment#chk-2018-5a36f9-experiments-were-con-26],Not Reported,,"Field AUC% of unsupervised AUC% supervised data labeling data labeling

Bean 88",[SCI-000482#experiment#chk-2018-5a36f9-experiments-were-con-27]
SCI-000582,Accurate Weed Mapping and Prescription Map Generation Based on Fully Convolutional Networks Using UAV Imagery,"{'family_name': 'Huang', 'given_name': 'Huasheng', 'orcid': 'https://orcid.org/0000-0002-6546-6501'}, {'family_name': 'Deng', 'given_name': 'Jizhong', 'orcid': 'https://orcid.org/0009-0002-1456-5494'}, {'family_name': 'Lan', 'given_name': 'Yubin', 'orcid': 'https://orcid.org/0000-0001-6664-5571'}, {'family_name': 'Yang', 'given_name': 'Aqing', 'orcid': 'https://orcid.org/0009-0005-7049-2017'}, {'family_name': 'Deng', 'given_name': 'Xiaoling', 'orcid': 'https://orcid.org/0000-0001-5588-3443'}, {'family_name': 'Wen', 'given_name': 'Sheng', 'orcid': None}, {'family_name': 'Zhang', 'given_name': 'Huihui', 'orcid': 'https://orcid.org/0000-0002-9781-6086'}, {'family_name': 'Zhang', 'given_name': 'Yali', 'orcid': 'https://orcid.org/0000-0001-7795-9277'}",2018,> **Figure 4,[SCI-000582#3methodolo#chk-2018-88a23e-methodology-15],"For each imagery in the dataset, its corresponding ground truth (GT) label data was produced by careful manual labeling",[SCI-000582#2datacolle#chk-2018-88a23e-data-collection-10],"In this section, the classical FCN-8s was used for the semantic labeling tasks",[SCI-000582#4resultsan#chk-2018-88a23e-results-and-discussi-19],"For each imagery in the dataset, its corresponding ground truth (GT) label data was produced by careful manual labeling",[SCI-000582#2datacolle#chk-2018-88a23e-data-collection-10],"In this section, the classical FCN-8s was used for the semantic labeling tasks",[SCI-000582#4resultsan#chk-2018-88a23e-results-and-discussi-19],"For each imagery in the dataset, its corresponding ground truth (GT) label data was produced by careful manual labeling",[SCI-000582#2datacolle#chk-2018-88a23e-data-collection-10],"In this section, the experiments on workﬂows, semantic labeling, and prescription map generation will be conducted",[SCI-000582#4resultsan#chk-2018-88a23e-results-and-discussi-17]
SCI-000514,A fully convolutional network for weed mapping of unmanned aerial vehicle (UAV) imagery,"{'family_name': 'Huang', 'given_name': 'Huasheng', 'orcid': 'https://orcid.org/0000-0002-6546-6501'}, {'family_name': 'Deng', 'given_name': 'Jizhong', 'orcid': 'https://orcid.org/0009-0002-1456-5494'}, {'family_name': 'Lan', 'given_name': 'Yubin', 'orcid': 'https://orcid.org/0000-0001-6664-5571'}, {'family_name': 'Yang', 'given_name': 'Aqing', 'orcid': 'https://orcid.org/0009-0005-7049-2017'}, {'family_name': 'Deng', 'given_name': 'Xiaoling', 'orcid': 'https://orcid.org/0000-0001-5588-3443'}, {'family_name': 'Zhang', 'given_name': 'Lei', 'orcid': 'https://orcid.org/0000-0003-4611-3417'}",2018,"In this work, the AlexNet [27] that won the ILSVRC-2012 champion was considered, as well as the VGGnet [28] and GoogLeNet [29] that showed great performance in the ILSVRC- 2014",[SCI-000514#methods#chk-2018-139476-methods-19],"Similar with other supervised machine learning approaches, our method could be divided into training and validation stage, as Fig 6",[SCI-000514#methods#chk-2018-139476-methods-13],> **Table 4 lists the confusion matrix of three approaches,[SCI-000514#experiment#chk-2018-139476-experiments-and-comp-29],Evaluation metrics,[SCI-000514#methods#chk-2018-139476-methods-22],"> tures, using different metrics covering the accuracy and efficiency",[SCI-000514#experiment#chk-2018-139476-experiments-with-tra-24],Evaluation metrics,[SCI-000514#methods#chk-2018-139476-methods-22],"> tures, using different metrics covering the accuracy and efficiency",[SCI-000514#experiment#chk-2018-139476-experiments-with-tra-24]
SCI-000547,A Semantic Labeling Approach for Accurate Weed Mapping of High Resolution UAV Imagery,"{'family_name': 'Huang', 'given_name': 'Huasheng', 'orcid': 'https://orcid.org/0000-0002-6546-6501'}, {'family_name': 'Lan', 'given_name': 'Yubin', 'orcid': 'https://orcid.org/0000-0001-6664-5571'}, {'family_name': 'Deng', 'given_name': 'Jizhong', 'orcid': 'https://orcid.org/0009-0002-1456-5494'}, {'family_name': 'Yang', 'given_name': 'Aqing', 'orcid': 'https://orcid.org/0009-0005-7049-2017'}, {'family_name': 'Deng', 'given_name': 'Xiaoling', 'orcid': 'https://orcid.org/0000-0001-5588-3443'}, {'family_name': 'Zhang', 'given_name': 'Lei', 'orcid': 'https://orcid.org/0000-0002-9841-744X'}, {'family_name': 'Wen', 'given_name': 'Sheng', 'orcid': 'https://orcid.org/0000-0002-3035-1114'}",2018,"Besides ResNet, VGG-16 net was also considered in this study",[SCI-000547#3methodolo#chk-2018-c05bdc-methodology-16],"In our work, ground truth (GT) maps with pixel correspondence were needed to evaluate the performance of the classiﬁers",[SCI-000547#2datacolle#chk-2018-c05bdc-data-collection-12],> **Figure 11,[SCI-000547#4resultsan#chk-2018-c05bdc-results-and-discussi-36],"In our work, ground truth (GT) maps with pixel correspondence were needed to evaluate the performance of the classiﬁers",[SCI-000547#2datacolle#chk-2018-c05bdc-data-collection-12],As described in Section 3,[SCI-000547#4resultsan#chk-2018-c05bdc-results-and-discussi-34],"To ﬁt the weed mapping task, the ResNet should be adapted in a fully convolutional fashion",[SCI-000547#3methodolo#chk-2018-c05bdc-methodology-15],"In the following, the experiments and comparisons will be presented to evaluate our semantic labeling approach",[SCI-000547#4resultsan#chk-2018-c05bdc-results-and-discussi-31]
SCI-000016,WeedMap: A large-scale semantic weed mapping framework using aerial multispectral imaging and deep neural network for precision farming,"{'family_name': 'Sa', 'given_name': 'Inkyu', 'orcid': None}, {'family_name': 'Popovic', 'given_name': 'Marija', 'orcid': None}, {'family_name': 'Khanna', 'given_name': 'Raghav', 'orcid': None}, {'family_name': 'Chen', 'given_name': 'Zetao', 'orcid': None}, {'family_name': 'Lottes', 'given_name': 'Philipp', 'orcid': None}, {'family_name': 'Liebisch', 'given_name': 'Frank', 'orcid': None}, {'family_name': 'Nieto', 'given_name': 'Juan', 'orcid': None}, {'family_name': 'Stachniss', 'given_name': 'Cyrill', 'orcid': None}, {'family_name': 'Walter', 'given_name': 'Achim', 'orcid': None}, {'family_name': 'Siegwart', 'given_name': 'Roland', 'orcid': None}",2018,Remote Sens,[SCI-000016#3methodolo#chk-2018-460d6a-methodologies-22],Remote Sens,[SCI-000016#3methodolo#chk-2018-460d6a-methodologies-22],"For tasks of dense semantic segmentation, there are many performance evaluation metrics [44] such as Pixel Accuracy (PA), Mean Pixel Accuracy (MPA), Mean Intersection over Union (MIoU), and Frequency Weighted Intersection over Union (FWIoU)",[SCI-000016#4experimen#chk-2018-460d6a-experimental-results-43],Remote Sens,[SCI-000016#3methodolo#chk-2018-460d6a-methodologies-22],> **Table 5,[SCI-000016#4experimen#chk-2018-460d6a-experimental-results-44],> **Figure 4,[SCI-000016#3methodolo#chk-2018-460d6a-methodologies-23],"For tasks of dense semantic segmentation, there are many performance evaluation metrics [44] such as Pixel Accuracy (PA), Mean Pixel Accuracy (MPA), Mean Intersection over Union (MIoU), and Frequency Weighted Intersection over Union (FWIoU)",[SCI-000016#4experimen#chk-2018-460d6a-experimental-results-43]
SCI-000010,Semi-supervised GAN for Classification of Multispectral Imagery Acquired by UAVs,"{'family_name': 'Kerdegari', 'given_name': 'Hamideh', 'orcid': None}, {'family_name': 'Razaak', 'given_name': 'Manzoor', 'orcid': None}, {'family_name': 'Argyriou', 'given_name': 'Vasileios', 'orcid': None}, {'family_name': 'Remagnino', 'given_name': 'Paolo', 'orcid': None}",2019,Not Reported,,Not Reported,,0.0,,Not Reported,,0.0,,Not Reported,,0.0,
SCI-001047,A Deep Learning Semantic Segmentation-Based Approach for Field-Level Sorghum Panicle Counting,"{'family_name': 'Malambo', 'given_name': 'L.', 'orcid': None}, {'family_name': 'Popescu', 'given_name': 'S.', 'orcid': None}, {'family_name': 'Ku', 'given_name': 'N.', 'orcid': None}, {'family_name': 'Rooney', 'given_name': 'W.', 'orcid': None}, {'family_name': 'Zhou', 'given_name': 'Tan', 'orcid': None}, {'family_name': 'Moore', 'given_name': 'S.', 'orcid': None}",2019,"only requires one to specify the size of the input sample images (250 × 250 × 3), the number of semantic classes (3) and a pretrained model, VGG-16 in our case",[SCI-001047#2materials#chk-2019-873ec7-materials-and-method-22],"We collected aerial images over the ﬁeld using a DJI Phantom 3 Professional UAS (Shenzhen, Guangdong, China) with a 12-megapixel DJI FC300X camera at the following settings: a 35 mm equivalent focal length of 20, a F-stop of f/2",[SCI-001047#2materials#chk-2019-873ec7-materials-and-method-14],3,[SCI-001047#3results#chk-2019-873ec7-results-28],Accuracy assessment of trained SegNet model: We evaluated the accuracy of the trained deep learning model against remaining 10% test labeled data using two metrics: the overall accuracy (OA) and the intersection over union (IoU),[SCI-001047#2materials#chk-2019-873ec7-materials-and-method-23],Errors of commission among the three classes contributed to loss of performance of the semantic segmentation model,[SCI-001047#3results#chk-2019-873ec7-results-30],"However, such networks suﬀer from loss of resolution due to the consecutive convolutional and pooling operations",[SCI-001047#2materials#chk-2019-873ec7-materials-and-method-20],3,[SCI-001047#3results#chk-2019-873ec7-results-28]
SCI-001394,DeepCount: In-Field Automatic Quantification of Wheat Spikes Using Simple Linear Iterative Clustering and Deep Convolutional Neural Networks,"{'family_name': 'Sadeghi-Tehran', 'given_name': 'Pouria', 'orcid': None}, {'family_name': 'Virlet', 'given_name': 'N.', 'orcid': None}, {'family_name': 'Ampe', 'given_name': 'E.', 'orcid': None}, {'family_name': 'Reyns', 'given_name': 'P.', 'orcid': None}, {'family_name': 'Hawkesford', 'given_name': 'M.', 'orcid': None}",2019,"Network Model
As previously mentioned, SLIC reduces the computational 
complexity by partitioning an image into homogeneous regions, 
instead of extracting features at the pixel level (Figure 5)",[SCI-001394#architectu#chk-2019-401a0a-architecture-of-the--30],"Network Model
As previously mentioned, SLIC reduces the computational 
complexity by partitioning an image into homogeneous regions, 
instead of extracting features at the pixel level (Figure 5)",[SCI-001394#architectu#chk-2019-401a0a-architecture-of-the--30],"i 	 (2)

Bias = − ( ) = ∑ 1 1 N r e i n

i i 	 (3)

FIGURE 10 | The handcrafted ear-counting method",[SCI-001394#resultsand#chk-2019-401a0a-results-and-discussi-37],"Network Model
As previously mentioned, SLIC reduces the computational 
complexity by partitioning an image into homogeneous regions, 
instead of extracting features at the pixel level (Figure 5)",[SCI-001394#architectu#chk-2019-401a0a-architecture-of-the--30],A similar decrease in performance was also observed in  Madec et al,[SCI-001394#resultsand#chk-2019-401a0a-results-and-discussi-42],"Network Model
As previously mentioned, SLIC reduces the computational 
complexity by partitioning an image into homogeneous regions, 
instead of extracting features at the pixel level (Figure 5)",[SCI-001394#architectu#chk-2019-401a0a-architecture-of-the--30],"FIGURE 12 | Comparison of the number of ears visually annotated on the images (Annotation – A, B) and the number of ears per meter square (C, D) with the number of  ears estimated by the edge (A, C) and DeepCount (B, D) methods for the two datasets collected with the Field Scanalyzer in 2015 (blue dots) and 2016 (red triangles)",[SCI-001394#resultsand#chk-2019-401a0a-results-and-discussi-41]
SCI-000565,Lightweight Semantic Segmentation Network for Real-Time Weed Mapping Using Unmanned Aerial Vehicles,"{'family_name': 'Deng', 'given_name': 'Jizhong', 'orcid': 'https://orcid.org/0009-0002-1456-5494'}, {'family_name': 'Zhong', 'given_name': 'Zhaoji', 'orcid': None}, {'family_name': 'Huang', 'given_name': 'Huasheng', 'orcid': 'https://orcid.org/0000-0002-6546-6501'}, {'family_name': 'Lan', 'given_name': 'Yubin', 'orcid': 'https://orcid.org/0000-0001-6664-5571'}, {'family_name': 'Han', 'given_name': 'Yuxing', 'orcid': 'https://orcid.org/0000-0003-2558-8966'}, {'family_name': 'Zhang', 'given_name': 'Yali', 'orcid': 'https://orcid.org/0000-0001-7795-9277'}",2020,Not Reported,,Not Reported,,"In this section, we proposed a light weight network for weed mapping and compared its performance with the mainstream segmentation models",[SCI-000565#4results#chk-2020-657afb-results-18],Not Reported,,"In this section, we proposed a light weight network for weed mapping and compared its performance with the mainstream segmentation models",[SCI-000565#4results#chk-2020-657afb-results-18],Not Reported,,"During the training process, the Adam optimizer was used for adaptive momentum estimation",[SCI-000565#4results#chk-2020-657afb-results-20]
SCI-000084,Crop and Weed Classication Using Pixel-wise Segmentation on Ground and Aerial Images,"{'family_name': 'Fawakherji', 'given_name': 'Mulham', 'orcid': None}",2020,> VGG-UNet architecture on the sugar beet dataset,[SCI-000084#architectu#chk-2020-75b72a-architecture-3-class-31],> VGG-UNet architecture on the sugar beet dataset,[SCI-000084#architectu#chk-2020-75b72a-architecture-3-class-31],All datasets are labeled with three classes (i,[SCI-000084#1therstone#chk-2020-75b72a-the-rst-one-see-sec--21],channel alone as input,[SCI-000084#architectu#chk-2020-75b72a-architecture-3-class-30],All datasets are labeled with three classes (i,[SCI-000084#1therstone#chk-2020-75b72a-the-rst-one-see-sec--21],channel alone as input,[SCI-000084#architectu#chk-2020-75b72a-architecture-3-class-30],All datasets are labeled with three classes (i,[SCI-000084#1therstone#chk-2020-75b72a-the-rst-one-see-sec--21]
SCI-000487,Vine disease detection in UAV multispectral images using optimized image registration and deep learning segmentation approach,"{'family_name': 'Kerkech', 'given_name': 'Mohamed', 'orcid': 'https://orcid.org/0000-0002-4323-5913'}, {'family_name': 'Hafiane', 'given_name': 'Adel', 'orcid': 'https://orcid.org/0000-0003-3185-9996'}, {'family_name': 'Canals', 'given_name': 'Raphaël', 'orcid': 'https://orcid.org/0000-0001-9100-7539'}",2020,"The proposed algorithm based on the AKAZE detector was tested by other feature extraction algorithms such as SIFT, SURF, ORB and KAZE",[SCI-000487#methods#chk-2020-605cff-methods-45],The SegNet models generated were used for testing and evaluation,[SCI-000487#methods#chk-2020-605cff-methods-36],0.0,,"In the proposed system, the fusion by intersection of the two modalities indicates the locations where symptoms were located at the same position in the visible and infrared images",[SCI-000487#methods#chk-2020-605cff-methods-52],0.0,,The best score obtained by the standard method yields an error of 1,[SCI-000487#methods#chk-2020-605cff-methods-43],0.0,
SCI-001445,Design and Implementation of Real-time Amphibious Unmanned Aerial Vehicle System for Sowing Seed Balls in the Agriculture Field,"{'family_name': 'Kumar', 'given_name': 'M. A.', 'orcid': None}, {'family_name': 'Telagam', 'given_name': 'Nagarjuna', 'orcid': None}, {'family_name': 'Mohankumar', 'given_name': 'N.', 'orcid': None}, {'family_name': 'Ismail', 'given_name': 'M.', 'orcid': None}",2020,"Keywords: BEC, BLDC, UAV, Seed sowing, Thrust, seed ball",[SCI-001445#designandi#chk-2020-f6a4e6-design-and-implement-04],A new unmanned aerial vehicle has been designed to  incorporate the seed balls in the agricultural fields  without damaging the seeds,[SCI-001445#designandi#chk-2020-f6a4e6-design-and-implement-18],0.0,,Kumar  et al,[SCI-001445#designandi#chk-2020-f6a4e6-design-and-implement-10],0.0,,The algorithm for UAVs base stations is proposed in this  paper,[SCI-001445#designandi#chk-2020-f6a4e6-design-and-implement-05],0.0,
SCI-000398,Unmanned Aerial Vehicle (UAV)-Based Hyperspectral Imaging System for Precision Agriculture and Forest Management,"{'family_name': 'Kurihara', 'given_name': 'Junichi', 'orcid': None}, {'family_name': 'Ishida', 'given_name': 'Tetsuro', 'orcid': None}, {'family_name': 'Takahashi', 'given_name': 'Yukihiro', 'orcid': None}",2020,Not Reported,,Not Reported,,0.0,,Not Reported,,0.0,,Not Reported,,0.0,
SCI-000554,Mask R-CNN Refitting Strategy for Plant Counting and Sizing in UAV Imagery,"{'family_name': 'Machefer', 'given_name': 'Mélissande', 'orcid': 'https://orcid.org/0000-0002-9359-3946'}, {'family_name': 'Lemarchand', 'given_name': 'François', 'orcid': 'https://orcid.org/0000-0003-3019-2544'}, {'family_name': 'Bonnefond', 'given_name': 'Virginie', 'orcid': 'https://orcid.org/0000-0002-8844-1710'}, {'family_name': 'Hitchins', 'given_name': 'Alasdair', 'orcid': None}, {'family_name': 'Sidiropoulos', 'given_name': 'Panagiotis', 'orcid': 'https://orcid.org/0000-0003-3605-3908'}",2020,> **Figure 3,[SCI-000554#2materials#chk-2020-e391ad-materials-and-method-30],2,[SCI-000554#2materials#chk-2020-e391ad-materials-and-method-20],RPN_NMSt 0,[SCI-000554#3results#chk-2020-e391ad-results-48],in Section 1,[SCI-000554#2materials#chk-2020-e391ad-materials-and-method-25],"(a) (b) (c) (d)

(e) (f) (g) (h)

> **Figure 6",[SCI-000554#3results#chk-2020-e391ad-results-49],"In addition, taking into account the imagery resolution (see Section 2",[SCI-000554#2materials#chk-2020-e391ad-materials-and-method-41],"To emphasise the real-world limits of our models, we have converted every pixel mask predicted by M2_LET and M3_POT into a square centimetre area using the resolution per pixel",[SCI-000554#3results#chk-2020-e391ad-results-57]
SCI-000136,Weed segmentation in sugarcane crops using Mask R-CNN through aerial images,"{'family_name': 'Mini', 'given_name': 'Gabriel Alberto', 'orcid': None}, {'family_name': 'Oliva Sales', 'given_name': 'Daniel', 'orcid': None}, {'family_name': 'Luppe', 'given_name': 'Maximilian', 'orcid': None}",2020,Not Reported,,Not Reported,,0.0,,Not Reported,,0.0,,Not Reported,,0.0,
SCI-000411,Precision Agriculture and Unmanned Aerial Vehicles (UAVs),"{'family_name': 'Raj', 'given_name': 'Rahul', 'orcid': None}, {'family_name': 'Kar', 'given_name': 'Soumyashree', 'orcid': None}, {'family_name': 'Nandan', 'given_name': 'Rohit', 'orcid': None}, {'family_name': 'Jagarlapudi', 'given_name': 'Adinarayana', 'orcid': None}",2020,Not Reported,,Not Reported,,0.0,,Not Reported,,0.0,,Not Reported,,0.0,
SCI-000555,Adaptive autonomous UAV scouting for rice lodging assessment using edge computing with deep learning EDANet,"{'family_name': 'Yang', 'given_name': 'Ming‐Der', 'orcid': 'https://orcid.org/0000-0003-2904-5838'}, {'family_name': 'Boubin', 'given_name': 'Jayson', 'orcid': 'https://orcid.org/0000-0002-4296-9624'}, {'family_name': 'Tsai', 'given_name': 'Hui-Ping', 'orcid': 'https://orcid.org/0000-0002-4915-1075'}, {'family_name': 'Tseng', 'given_name': 'Hsin-Hung', 'orcid': 'https://orcid.org/0000-0002-3019-4307'}, {'family_name': 'Hsu', 'given_name': 'Yu‐Chun', 'orcid': 'https://orcid.org/0000-0002-6616-6906'}, {'family_name': 'Stewart', 'given_name': 'Christopher', 'orcid': 'https://orcid.org/0000-0002-2860-7889'}",2020,RAM  90 GB/GPU node  Accelerator  NVIDIA Tesla V100 GB SMX2/GPU node  Image  TensorFlow-1,[SCI-000555#2materials#chk-2020-f243f7-materials-and-method-21],"To gain an accurate assessment of rice lodging, fields must be scouted  in their entirety to determine the percent of total lodged crops  throughout",[SCI-000555#2materials#chk-2020-f243f7-materials-and-method-18],"> Model testing results for the 2017 and 2019 datasets (the highest value is marked 
in bold)",[SCI-000555#3results#chk-2020-f243f7-results-34],RAM  90 GB/GPU node  Accelerator  NVIDIA Tesla V100 GB SMX2/GPU node  Image  TensorFlow-1,[SCI-000555#2materials#chk-2020-f243f7-materials-and-method-21],The most pressing avenue for future work is to take the proposed  approach out of the simulation and test it on an actual rice lodging  scenario,[SCI-000555#3results#chk-2020-f243f7-results-45],RAM  90 GB/GPU node  Accelerator  NVIDIA Tesla V100 GB SMX2/GPU node  Image  TensorFlow-1,[SCI-000555#2materials#chk-2020-f243f7-materials-and-method-21],"The adaptive scouting process was evaluated in simulation using  autonomy cubes, a DJI P4P UAV profile, and a series of lodged per­ centage thresholds",[SCI-000555#3results#chk-2020-f243f7-results-36]
SCI-001173,Real-time Crop Classification Using Edge Computing and Deep Learning,"{'family_name': 'Yang', 'given_name': 'Ming-Der', 'orcid': None}, {'family_name': 'Tseng', 'given_name': 'Hsin-Hung', 'orcid': None}, {'family_name': 'Hsu', 'given_name': 'Yu-Chun', 'orcid': None}, {'family_name': 'Tseng', 'given_name': 'W.', 'orcid': None}",2020,Not Reported,,Not Reported,,0.0,,Not Reported,,0.0,,Not Reported,,0.0,
SCI-000492,Semantic Segmentation Using Deep Learning with Vegetation Indices for Rice Lodging Identification in Multi-date UAV Visible Images,"{'family_name': 'Yang', 'given_name': 'Ming‐Der', 'orcid': 'https://orcid.org/0000-0003-2904-5838'}, {'family_name': 'Tseng', 'given_name': 'Hsin-Hung', 'orcid': 'https://orcid.org/0000-0002-3019-4307'}, {'family_name': 'Hsu', 'given_name': 'Yu‐Chun', 'orcid': 'https://orcid.org/0000-0002-6616-6906'}, {'family_name': 'Tsai', 'given_name': 'Hui-Ping', 'orcid': 'https://orcid.org/0000-0002-4915-1075'}",2020,"Resolution (width × height) (pixel) 5472 × 3648

Image data (bit) 8

Spatial resolution from 200m height image (cm/pixel) 4",[SCI-000492#2materials#chk-2020-6ae962-materials-and-method-11],"Resolution (width × height) (pixel) 5472 × 3648

Image data (bit) 8

Spatial resolution from 200m height image (cm/pixel) 4",[SCI-000492#2materials#chk-2020-6ae962-materials-and-method-11],"In general, as shown in Figures 10 and 11, FCN-AlexNet has strong conﬁdence in its rice lodging identiﬁcation in terms of accuracy and F1-score",[SCI-000492#3resultsan#chk-2020-6ae962-results-and-discussi-22],"Resolution (width × height) (pixel) 5472 × 3648

Image data (bit) 8

Spatial resolution from 200m height image (cm/pixel) 4",[SCI-000492#2materials#chk-2020-6ae962-materials-and-method-11],Remote Sens,[SCI-000492#3resultsan#chk-2020-6ae962-results-and-discussi-23],"Resolution (width × height) (pixel) 5472 × 3648

Image data (bit) 8

Spatial resolution from 200m height image (cm/pixel) 4",[SCI-000492#2materials#chk-2020-6ae962-materials-and-method-11],Remote Sens,[SCI-000492#3resultsan#chk-2020-6ae962-results-and-discussi-23]
SCI-000092,A DNN-based semantic segmentation for detecting weed and crop,"{'family_name': 'You', 'given_name': 'Jie', 'orcid': None}, {'family_name': 'Liu', 'given_name': 'Wei', 'orcid': None}, {'family_name': 'Lee', 'given_name': 'Joonwhoan', 'orcid': None}",2020,"C

K

L

This section describes the details of the proposed semantic seg­ mentation network",[SCI-000092#3thepropos#chk-2020-97666e-the-proposed-approac-23],"C

K

L

This section describes the details of the proposed semantic seg­ mentation network",[SCI-000092#3thepropos#chk-2020-97666e-the-proposed-approac-23],The conventional method only obtains 72,[SCI-000092#4experimen#chk-2020-97666e-experiment-results-44],3,[SCI-000092#3thepropos#chk-2020-97666e-the-proposed-approac-28],We conducted the ablation experiment on the Bonn dataset to show  how the additional components improve the performance,[SCI-000092#4experimen#chk-2020-97666e-experiment-results-40],channel size 4 to enforce local consistency in high resolution,[SCI-000092#3thepropos#chk-2020-97666e-the-proposed-approac-29],Ours  Res50  70,[SCI-000092#4experimen#chk-2020-97666e-experiment-results-50]
SCI-000274,A real-time efficient object segmentation system based on U-Net using aerial drone images,"{'family_name': 'Ahmed', 'given_name': 'Imran', 'orcid': None}, {'family_name': 'Ahmad', 'given_name': 'Misbah', 'orcid': None}, {'family_name': 'Jeon', 'given_name': 'Gwanggil', 'orcid': None}",2021,"As discussed earlier that in this work, three different base  architectures are used for extraction of image context as  encoder part",[SCI-000274#43basearch#chk-2021-99aecf-base-architectures-23],"As discussed earlier that in this work, three different base  architectures are used for extraction of image context as  encoder part",[SCI-000274#43basearch#chk-2021-99aecf-base-architectures-23],The performance evaluation results of the system applied  for object segmentation in aerial images have been dis- cussed in this section,[SCI-000274#53performa#chk-2021-99aecf-performance-evaluati-38],"As discussed earlier that in this work, three different base  architectures are used for extraction of image context as  encoder part",[SCI-000274#43basearch#chk-2021-99aecf-base-architectures-23],")

(

−(d1(x) + d2(x))2

(3) w(x) = wc(x) + wo",[SCI-000274#5experimen#chk-2021-99aecf-experimental-results-33],"As discussed earlier that in this work, three different base  architectures are used for extraction of image context as  encoder part",[SCI-000274#43basearch#chk-2021-99aecf-base-architectures-23],")

(

−(d1(x) + d2(x))2

(3) w(x) = wc(x) + wo",[SCI-000274#5experimen#chk-2021-99aecf-experimental-results-33]
SCI-000483,AgriSegNet: Deep Aerial Semantic Segmentation Framework for IoT-Assisted Precision Agriculture,"{'family_name': 'Anand', 'given_name': 'Tanmay', 'orcid': 'https://orcid.org/0000-0002-5725-7048'}, {'family_name': 'Sinha', 'given_name': 'Soumendu', 'orcid': 'https://orcid.org/0000-0003-3088-7637'}, {'family_name': 'Mandal', 'given_name': 'Murari', 'orcid': 'https://orcid.org/0000-0002-0157-0967'}, {'family_name': 'Chamola', 'given_name': 'Vinay', 'orcid': 'https://orcid.org/0000-0002-6730-3060'}, {'family_name': 'Yu', 'given_name': 'F. Richard', 'orcid': 'https://orcid.org/0000-0003-1006-7594'}",2021,Fig,[SCI-000483#architectu#chk-2021-4d7fcf-architecture-for-tra-17],Authorized licensed use limited to: Consortium - Algeria (CERIST),[SCI-000483#architectu#chk-2021-4d7fcf-architecture-for-tra-22],"(CVPR) Workshops, Jun",[SCI-000483#resultsinp#chk-2021-4d7fcf-results-in-proc-ieee-38],score/F1 score of 67%,[SCI-000483#architectu#chk-2021-4d7fcf-architecture-for-tra-27],"Vinay Chamola (Senior Member, IEEE) received the B",[SCI-000483#resultsinp#chk-2021-4d7fcf-results-in-proc-ieee-39],2) Inference: We perform inference in a chained manner by combining predictions of multiple image scale,[SCI-000483#architectu#chk-2021-4d7fcf-architecture-for-tra-21],"Vinay Chamola (Senior Member, IEEE) received the B",[SCI-000483#resultsinp#chk-2021-4d7fcf-results-in-proc-ieee-39]
SCI-000434,57. Optimizing peach management based on hyperspectral and unmanned aerial vehicle (UAV) technology,"{'family_name': 'de Castro', 'given_name': 'A.I.', 'orcid': None}, {'family_name': 'Maja', 'given_name': 'J.M.', 'orcid': None}, {'family_name': 'Melgar', 'given_name': 'J.C.', 'orcid': None}, {'family_name': 'Schnabel', 'given_name': 'G.', 'orcid': None}, {'family_name': 'López-Granados', 'given_name': 'F.', 'orcid': None}, {'family_name': 'Peña', 'given_name': 'J.M.', 'orcid': None}",2021,Not Reported,,Not Reported,,The next step of this research  program will be to develop of a robust OBIA algorithm for the rapid and accurate map of affected  trees that allow designing site-specific management strategy of peach orchards,[SCI-000434#resultsand#chk-2021-a45fa5-results-and-discussi-18],Not Reported,,"> (ANOVA) for the separation of evaluated classes in each experimental approach, i",[SCI-000434#resultsand#chk-2021-a45fa5-results-and-discussi-16],Not Reported,,"> (ANOVA) for the separation of evaluated classes in each experimental approach, i",[SCI-000434#resultsand#chk-2021-a45fa5-results-and-discussi-16]
SCI-001153,Recognizing Zucchinis Intercropped with Sunflowers in UAV Visible Images Using an Improved Method Based on OCRNet,"{'family_name': 'Huang', 'given_name': 'Shenjin', 'orcid': None}, {'family_name': 'Han', 'given_name': 'Wenting', 'orcid': None}, {'family_name': 'Chen', 'given_name': 'Haipeng', 'orcid': None}, {'family_name': 'Li', 'given_name': 'Guang', 'orcid': None}, {'family_name': 'Tang', 'given_name': 'Jiandong', 'orcid': None}",2021,OCRNet uses ResNet-101 (with output stripe 8) or HRNet-W48 (with output stripe 4) as the backbone network,[SCI-001153#2materials#chk-2021-37c27b-materials-and-method-21],The production process of the dataset is shown in Figure 4,[SCI-001153#2materials#chk-2021-37c27b-materials-and-method-18],"(a)  (b)

(c)  (d)

> **Figure 9",[SCI-001153#3results#chk-2021-37c27b-results-38],"The development environment, programming language, and deep learning framework used in this study were Anaconda 3, Python 3",[SCI-001153#2materials#chk-2021-37c27b-materials-and-method-28],2⃝was the junction area between the zucchini ﬁeld and the street trees (marked as the background) to show the segmentation effect of these methods on the edge of the ﬁeld,[SCI-001153#3results#chk-2021-37c27b-results-41],Remote Sens,[SCI-001153#2materials#chk-2021-37c27b-materials-and-method-23],"> the worst performance areas of test area 2 into four areas ( 1⃝,
2⃝,
3⃝, and
4⃝), where area
1⃝
and area
2⃝are marked with blue and green boxes, respectively, and area
3⃝and area
4⃝
are marked with red boxes, as shown in Figure 10",[SCI-001153#3results#chk-2021-37c27b-results-40]
SCI-001210,MAENet: Multiple Attention Encoder-decoder Network for Farmland Segmentation of Remote Sensing Images,"{'family_name': 'Huan', 'given_name': 'Hai', 'orcid': None}, {'family_name': 'Liu', 'given_name': 'Yuan', 'orcid': None}, {'family_name': 'Xie', 'given_name': 'Yaqin', 'orcid': None}, {'family_name': 'Wang', 'given_name': 'Chao', 'orcid': None}, {'family_name': 'Xu', 'given_name': 'D.', 'orcid': None}, {'family_name': 'Zhang', 'given_name': 'Yi', 'orcid': None}",2021,Not Reported,,Not Reported,,"Besides this, we performed tests on Dataset 3 (Table III lists the results): the segmentation result of MAENet is better than that of the other methods on Dataset 3",[SCI-001210#experiment#chk-2021-beae79-experiments-4-and-5--17],Not Reported,,"decoder proposed in this letter, and the test results show that
DFA and GIU can both improve the segmentation performance
of the network",[SCI-001210#experiment#chk-2021-beae79-experiments-4-and-5--16],Not Reported,,"decoder proposed in this letter, and the test results show that
DFA and GIU can both improve the segmentation performance
of the network",[SCI-001210#experiment#chk-2021-beae79-experiments-4-and-5--16]
SCI-001333,Real-Time Identification of Rice Weeds by UAV Low-Altitude Remote Sensing Based on Improved Semantic Segmentation Model,"{'family_name': 'Lan', 'given_name': 'Yubin', 'orcid': None}, {'family_name': 'Huang', 'given_name': 'Kanghua', 'orcid': None}, {'family_name': 'Yang', 'given_name': 'Chang', 'orcid': None}, {'family_name': 'Lei', 'given_name': 'Luocheng', 'orcid': None}, {'family_name': 'Ye', 'given_name': 'Jiahang', 'orcid': None}, {'family_name': 'Zhang', 'given_name': 'Jianling', 'orcid': None}, {'family_name': 'Zeng', 'given_name': 'W.', 'orcid': None}, {'family_name': 'Zhang', 'given_name': 'Yali', 'orcid': None}, {'family_name': 'Deng', 'given_name': 'Jizhong', 'orcid': None}",2021,"volution to replace standard convolution can signiﬁcantly reduce the calculation amount of the model, which also provides a theoretical basis for the realization of lightweight structure of the deep learning semantic segmentation networks",[SCI-001333#2materials#chk-2021-ca8013-materials-and-method-17],Remote Sens,[SCI-001333#methods#chk-2021-ca8013-methods-50],> **Figure 9,[SCI-001333#3results#chk-2021-ca8013-results-39],"where Ls is the loss function output by the last layer of the network, Li is the loss function output by the i-th Seg Head module, i = 1,",[SCI-001333#2materials#chk-2021-ca8013-materials-and-method-29],"From the pixel accuracy change curve (Figure 9a) and the MIoU change curve (Figure 9c), it can be seen that during the training process, the pixel accuracy and the MIoU of FFB-BiSeNetV2 are slightly higher than BiSeNetV2, which shows that the segmentation and recognition accuracy of FFB- BiSeNetV2 on the veriﬁcation set is better than that of the original model; the pixel accuracy and the MIoU of MobileNetV2-UNet on the veriﬁcation set are signiﬁcantly higher than that of U-Net, which shows that the ability of MobileNetV2-UNet to segment and recognize rice weeds in the UAV images is better than the original model",[SCI-001333#3results#chk-2021-ca8013-results-38],"In this experiment, the MobileNetV2-UNet model and the FFB-BiSeNetV2 model were transplanted to the embedded hardware Jetson AGX Xavier, and the TensorRT acceleration tool in Section 2",[SCI-001333#methods#chk-2021-ca8013-methods-51],"To verify the real-time performance of the improved model, the BiseNetV2 and U-Net models and their improved structures were trained with the same training hyperparameter settings in Section 2",[SCI-001333#3results#chk-2021-ca8013-results-37]
SCI-001406,Classification and Identification of Crops Using Deep Learning with UAV Data,"{'family_name': 'Narvaria', 'given_name': 'A.', 'orcid': None}, {'family_name': 'Kumar', 'given_name': 'U.', 'orcid': None}, {'family_name': 'Jhanwwee', 'given_name': 'Kanumuru Shree', 'orcid': None}, {'family_name': 'Dasgupta', 'given_name': 'A.', 'orcid': None}, {'family_name': 'Kaur', 'given_name': 'Gurdeep', 'orcid': None}",2021,2,[SCI-001406#3dataandme#chk-2021-6c6569-data-and-methodology-10],2,[SCI-001406#3dataandme#chk-2021-6c6569-data-and-methodology-10],"> U-Net model has emerged as the primary tool for image 
segmentation that partitions the image into different 
segments, each representing a different class",[SCI-001406#4resultsdi#chk-2021-6c6569-results-discussion-a-12],"The data used in this study consisted of multispectral 
images 
of 
specific 
wavelength 
ranges 
in 
the 
electromagnetic 
spectrum 
(Table 
1) 
captured 
by 
Micasense® [6] Altum camera mounted on a UAV at 3 
mega pixel resolution",[SCI-001406#3dataandme#chk-2021-6c6569-data-and-methodology-09],combinations  IMAGE  RGB  RGB+NIR  RGB+NDVI  RGB+EVI  Image-1  88,[SCI-001406#4resultsdi#chk-2021-6c6569-results-discussion-a-13],"The data used in this study consisted of multispectral 
images 
of 
specific 
wavelength 
ranges 
in 
the 
electromagnetic 
spectrum 
(Table 
1) 
captured 
by 
Micasense® [6] Altum camera mounted on a UAV at 3 
mega pixel resolution",[SCI-001406#3dataandme#chk-2021-6c6569-data-and-methodology-09],"> U-Net model has emerged as the primary tool for image 
segmentation that partitions the image into different 
segments, each representing a different class",[SCI-001406#4resultsdi#chk-2021-6c6569-results-discussion-a-12]
SCI-000002,Adaptive Path Planning for UAV-based Multi-Resolution Semantic Segmentation,"{'family_name': 'Stache', 'given_name': 'Felix', 'orcid': None}, {'family_name': 'Westheider', 'given_name': 'Jonas', 'orcid': None}, {'family_name': 'Magistri', 'given_name': 'Federico', 'orcid': None}, {'family_name': 'Popović', 'given_name': 'Marija', 'orcid': None}, {'family_name': 'Stachniss', 'given_name': 'Cyrill', 'orcid': None}",2021,Not Reported,,Not Reported,,0.0,,Not Reported,,0.0,,Not Reported,,0.0,
SCI-000968,Accurate Wheat Lodging Extraction from Multi-Channel UAV Images Using a Lightweight Network Model.,"{'family_name': 'Yang', 'given_name': 'Baohua', 'orcid': None}, {'family_name': 'Zhu', 'given_name': 'Yue', 'orcid': None}, {'family_name': 'Zhou', 'given_name': 'Shuaijun', 'orcid': None}",2021,"As shown in Figure 10, the red area in the feature map indicates the high-weight area of the neural network to determine the lodging wheat and the blue area indicates the low-weight area of the network to determine the lodging wheat",[SCI-000968#methods#chk-2021-d2691a-methods-36],"Among them, high-resolution, multi-view dense images were obtained from UAV and then Pix4Dmapper (Pix4D Company, Switzerland) software was used to adjust and match the images to generate dense point clouds; then, the triangulated irregular network (TIN) was constructed and, ﬁnally, a digital surface model (DSM) was obtained",[SCI-000968#2materials#chk-2021-d2691a-materials-and-method-16],3,[SCI-000968#3results#chk-2021-d2691a-results-28],using RGB + DSM was 88,[SCI-000968#methods#chk-2021-d2691a-methods-33],"The model was trained using the Adam algorithm, the learning rate was 0",[SCI-000968#3results#chk-2021-d2691a-results-27],The input of the model was an image with a resolution of 256 × 256 pixels (3-channel image or 4-channel image) and the output was a single-channel segmented image,[SCI-000968#2materials#chk-2021-d2691a-materials-and-method-19],"The model was trained using the Adam algorithm, the learning rate was 0",[SCI-000968#3results#chk-2021-d2691a-results-27]
SCI-000548,A Field Weed Density Evaluation Method Based on UAV Imaging and Modified U-Net,"{'family_name': 'Zou', 'given_name': 'Kunlin', 'orcid': None}, {'family_name': 'Chen', 'given_name': 'Xin', 'orcid': 'https://orcid.org/0000-0002-4713-6744'}, {'family_name': 'Zhang', 'given_name': 'Fan', 'orcid': 'https://orcid.org/0000-0001-5530-6945'}, {'family_name': 'Zhou', 'given_name': 'Hang', 'orcid': 'https://orcid.org/0000-0002-7524-8751'}, {'family_name': 'Zhang', 'given_name': 'Chunlong', 'orcid': 'https://orcid.org/0000-0003-3427-1856'}",2021,> distribution curve of background; (o) intersection point of the two normal distribution curves,[SCI-000548#2materials#chk-2021-4a2f73-materials-and-method-14],Abstract: Weeds are one of the main factors affecting the yield and quality of agricultural products,[SCI-000548#afieldweed#chk-2021-4a2f73-a-field-weed-density-02],3,[SCI-000548#3results#chk-2021-4a2f73-results-23],"The hardware environment was an Intel Core i7-9700 K CPU, 16 GB memory, and an NVIDIA GeForce RTX 2080 Super",[SCI-000548#2materials#chk-2021-4a2f73-materials-and-method-18],"The FCN, Segnet, and U-net are deep semantic segmentation neural networks based on convolutional neural networks",[SCI-000548#3results#chk-2021-4a2f73-results-28],"Input_1 Input (256, 256, 3) None Convolution_1 Conv2D (256, 256, 3) Input_1 Convolution_2 Conv2D (256, 256, 64) Convolution_1 Maxpooling_1 MaxPooling2D (128, 128, 64) Convolution_2 Convolution_3 Conv2D (128, 128, 128) Maxpooling_1 Convolution_4 Conv2D (128, 128, 128) Convolution_3 MaxPooling_2 MaxPooling2D (64, 64, 128) Convolution_4 Convolution_5 Dilated convolution (64, 64, 256) MaxPooling_2 Convolution_6 Dilated convolution (64, 64, 256) Convolution_5 Convolution_7 Dilated convolution (64, 64, 256) Convolution_6 MaxPooling_3 MaxPooling2D (32, 32, 256) Convolution_6 Convolution_8 Dilated convolution (32, 32, 256) MaxPooling_3 Convolution_9 Dilated convolution (32, 32, 256) Convolution_7 Convolution_10 Dilated convolution (32, 32, 256) Convolution_6 UpSampling_1 UpSampling2D (64, 64, 256) Convolution_10 Concatenate_1 Concatenate (64, 64, 512) UpSampling_1 & Convolution_7 Convolution_11 Conv2D (64, 64, 256) Concatenate_1 UpSampling_2 UpSampling2D (128, 128, 256) Convolution_11 Concatenate_2 Concatenate (128, 128, 384) UpSampling_2 & Convolution_4 Convolution_12 Conv2D (128, 128, 256) Concatenate_2 UpSampling_3 UpSampling2D (256, 256, 256) Convolution_12 Concatenate_3 Concatenate (256, 256, 320) UpSampling_3 & Convolution_2 Convolution_13 Conv2D (256, 256, 128) Concatenate_3 Concatenate_4 Concatenate (256, 256, 131) Convolution_13 & Input_1 Convolution_14 Conv2D (256, 256, 2) Concatenate_4 Activation Softmax (256, 256, 2) Convolution_14

2",[SCI-000548#2materials#chk-2021-4a2f73-materials-and-method-17],> the number of iterations increases,[SCI-000548#3results#chk-2021-4a2f73-results-24]
SCI-000575,Improved Real-Time Semantic Segmentation Network Model for Crop Vision Navigation Line Detection,"{'family_name': 'Cao', 'given_name': 'Maoyong', 'orcid': 'https://orcid.org/0000-0002-0536-2903'}, {'family_name': 'Tang', 'given_name': 'Fangfang', 'orcid': 'https://orcid.org/0000-0003-2761-8524'}, {'family_name': 'Ji', 'given_name': 'Peng', 'orcid': 'https://orcid.org/0000-0001-5476-8734'}, {'family_name': 'Ma', 'given_name': 'Fengying', 'orcid': None}",2022,"Crop Row Segmentation For the experiments, we  implemented commonly employed  semantic segmentation networks under the PyTorch deep  learning framework, including FCN8S, SegNet, ERFNet, UNet,  ENet, and an improved model based on the ENet network",[SCI-000575#methodolog#chk-2022-3f6087-methodology-23],"A comparison of the results of the two fitting algorithms  is shown in Table  2; we  can see that the accuracy of the  improved RANSAC algorithm proposed here is lower than  that of the RANSAC algorithm, but the overall time consumption  is considerably improved, and the total time is reduced by  44 ms",[SCI-000575#methodolog#chk-2022-3f6087-methodology-33],0.0,,The appropriate evaluation metrics that accurately analyze  each network model’s performance must be  selected,[SCI-000575#methodolog#chk-2022-3f6087-methodology-27],0.0,,Convolution Replacement The encoder in the traditional ENet contains two downsampling  operations,[SCI-000575#methodolog#chk-2022-3f6087-methodology-17],0.0,
SCI-000012,Transferring learned patterns from ground-based field imagery to predict UAV-based imagery for crop and weed semantic segmentation in precision crop farming,"{'family_name': 'Gao', 'given_name': 'Junfeng', 'orcid': None}, {'family_name': 'Liao', 'given_name': 'Wenzhi', 'orcid': None}, {'family_name': 'Nuyttens', 'given_name': 'David', 'orcid': None}, {'family_name': 'Lootens', 'given_name': 'Peter', 'orcid': None}, {'family_name': 'Alexandersson', 'given_name': 'Erik', 'orcid': None}, {'family_name': 'Pieters', 'given_name': 'Jan', 'orcid': None}",2022,Data augmentation was employed in the training dataset at the stage of network training,[SCI-000012#27methodim#chk-2022-1683b1-method-implementatio-22],2,[SCI-000012#2materials#chk-2022-1683b1-materials-and-method-10],"cropped interested field for testing performances of the networks, (c) manually labelled ground truth map

(GTM)",[SCI-000012#3results#chk-2022-1683b1-results-27],Data augmentation was employed in the training dataset at the stage of network training,[SCI-000012#27methodim#chk-2022-1683b1-method-implementatio-22],"cropped interested field for testing performances of the networks, (c) manually labelled ground truth map

(GTM)",[SCI-000012#3results#chk-2022-1683b1-results-27],Data augmentation was employed in the training dataset at the stage of network training,[SCI-000012#27methodim#chk-2022-1683b1-method-implementatio-22],> **Table 4,[SCI-000012#3results#chk-2022-1683b1-results-29]
SCI-000501,Deep learning-based early weed segmentation using motion blurred UAV images of sorghum fields,"{'family_name': 'Genze', 'given_name': 'Nikita', 'orcid': 'https://orcid.org/0000-0001-8869-6599'}, {'family_name': 'Ajekwe', 'given_name': 'Raymond', 'orcid': None}, {'family_name': 'Güreli', 'given_name': 'Zeynep', 'orcid': None}, {'family_name': 'Haselbeck', 'given_name': 'Florian', 'orcid': 'https://orcid.org/0000-0002-5702-376X'}, {'family_name': 'Grieb', 'given_name': 'Michael', 'orcid': 'https://orcid.org/0000-0002-1346-3966'}, {'family_name': 'Grimm', 'given_name': 'Dominik G.', 'orcid': 'https://orcid.org/0000-0003-2085-4591'}",2022,"FCNs perform convolutions, pooling and upsampling and can pro­ duce a spatial segmentation map of the same size as the input image and  scale across different image sizes, as indicated in Fig",[SCI-000501#2materiala#chk-2022-79e141-material-and-methods-15],Images collected by an UAV on an experimental sorghum field in  Southern Germany provided data for this study,[SCI-000501#2materiala#chk-2022-79e141-material-and-methods-12],"In this section, we first provide an overview of our results",[SCI-000501#3results#chk-2022-79e141-results-25],All code is implemented in Python 3,[SCI-000501#2materiala#chk-2022-79e141-material-and-methods-24],"Due to wind-related displacements, motion blur is a common chal­ lenge in drone imagery of agricultural landscapes",[SCI-000501#3results#chk-2022-79e141-results-37],This helps in training a model that is able to predict finer details,[SCI-000501#2materiala#chk-2022-79e141-material-and-methods-16],"While our model performed sufficiently well on our hold-out test-set,  there are several factors that were not evaluated in this study",[SCI-000501#3results#chk-2022-79e141-results-40]
SCI-000624,Deep Convolutional Neural Networks for Weeds and Crops Discrimination From UAS Imagery,"{'family_name': 'Hashemi-Beni', 'given_name': 'Leila', 'orcid': 'https://orcid.org/0000-0003-1026-4555'}, {'family_name': 'Gebrehiwot', 'given_name': 'Asmamaw', 'orcid': None}, {'family_name': 'Karimoddini', 'given_name': 'Ali', 'orcid': 'https://orcid.org/0000-0001-6084-6831'}, {'family_name': 'Shahbazi', 'given_name': 'Abolghasem', 'orcid': 'https://orcid.org/0000-0003-0212-2696'}, {'family_name': 'Dorbu', 'given_name': 'Freda Elikem', 'orcid': 'https://orcid.org/0000-0003-0986-5943'}",2022,FIGURE 7 | Sample qualitative results were achieved for CWFID,[SCI-000624#1thecwfidd#chk-2022-79bb31-the-cwfid-dataset-wa-17],"robot Bonirob mounted with multi-spectral camera in an
organic carrot farm in Northern Germany before applying
manual weed control in 2013",[SCI-000624#1thecwfidd#chk-2022-79bb31-the-cwfid-dataset-wa-16],0.0,,"Weeds are among the signiﬁcant factors that could harm crop yield by invading crops and smother pastures, and signiﬁcantly decrease the quality of the harvested crops",[SCI-000624#methods#chk-2022-79bb31-methods-02],0.0,,FIGURE 7 | Sample qualitative results were achieved for CWFID,[SCI-000624#1thecwfidd#chk-2022-79bb31-the-cwfid-dataset-wa-17],0.0,
SCI-001081,Uncertainty Estimation in Deep Meta-Learning for Crop and Weed Detection from Multispectral UAV Images,"{'family_name': 'Khoshboresh-Masouleh', 'given_name': 'M.', 'orcid': None}, {'family_name': 'Shah-Hosseini', 'given_name': 'R.', 'orcid': None}",2022,"A visual summary of the proposed method for crop and 
weed detection is presented in Figure 3",[SCI-001081#3proposedm#chk-2022-78489e-proposed-method-06],"A visual summary of the proposed method for crop and 
weed detection is presented in Figure 3",[SCI-001081#3proposedm#chk-2022-78489e-proposed-method-06],"In this study, experimental scenarios in Rheinbach, 
Germany are used to study crop and weed detection 
assessment, which are from [13]",[SCI-001081#4experimen#chk-2022-78489e-experimental-results-10],"A visual summary of the proposed method for crop and 
weed detection is presented in Figure 3",[SCI-001081#3proposedm#chk-2022-78489e-proposed-method-06],"> **Figure 5 shows the quantitative results for crop and weed**

> detection from the proposed method",[SCI-001081#4experimen#chk-2022-78489e-experimental-results-14],"A visual summary of the proposed method for crop and 
weed detection is presented in Figure 3",[SCI-001081#3proposedm#chk-2022-78489e-proposed-method-06],> represents a larger value and more uncertainty,[SCI-001081#4experimen#chk-2022-78489e-experimental-results-11]
SCI-000708,Drone-Aided Detection of Weeds: Transfer Learning for Embedded Image Processing,"{'family_name': 'Koshelev', 'given_name': 'Iaroslav', 'orcid': None}, {'family_name': 'Savinov', 'given_name': 'Maxim', 'orcid': 'https://orcid.org/0000-0003-2000-5346'}, {'family_name': 'Menshchikov', 'given_name': 'Alexander', 'orcid': 'https://orcid.org/0000-0003-2842-4414'}, {'family_name': 'Somov', 'given_name': 'Andrey', 'orcid': 'https://orcid.org/0000-0002-4615-3008'}",2022,Not Reported,,Not Reported,,0.0,,Not Reported,,0.0,,Not Reported,,0.0,
SCI-000910,CoFly-WeedDB: A UAV image dataset for weed detection and species identification.,"{'family_name': 'Krestenitis', 'given_name': 'Marios', 'orcid': None}, {'family_name': 'Raptis', 'given_name': 'Emmanuel K', 'orcid': None}, {'family_name': 'Kapoutsis', 'given_name': 'Athanasios Ch', 'orcid': None}, {'family_name': 'Ioannidis', 'given_name': 'Konstantinos', 'orcid': None}, {'family_name': 'Kosmatopoulos', 'given_name': 'Elias B', 'orcid': None}, {'family_name': 'Vrochidis', 'given_name': 'Stefanos', 'orcid': None}, {'family_name': 'Kompatsiaris', 'given_name': 'Ioannis', 'orcid': None}",2022,The deployed data collection mission led to a set of 201 RGB images of size 1280 × 720  pixels,[SCI-000910#2experimen#chk-2022-16a434-experimental-design--09],"The CoFly-WeedDB contains 201 RGB images ( ∼436 MB)  from the attached camera of DJI Phantom Pro 4 from a cot-  ton ﬁeld in Larissa, Greece during the ﬁrst stages of plant  growth",[SCI-000910#coflyweedd#chk-2022-16a434-cofly-weeddb-a-uav-i-02],0.0,,"For the image acquisition, a single commercial UAV (DJI Phantom 4 Pro) was used equipped  with a visible camera sensor capturing light in red, green, and blue bands",[SCI-000910#2experimen#chk-2022-16a434-experimental-design--08],0.0,,"Subject  Computer Science  Speciﬁc subject area  Artiﬁcial Intelligence, Computer Vision and Pattern Recognition  Type of data  RGB images  How the data were acquired  Unmanned Aerial Vehicle - DJI Phantom 4 Pro  RGB Camera - 1 ′′ CMOS Effective pixels: 20 M with FOV 84 ° 8",[SCI-000910#coflyweedd#chk-2022-16a434-cofly-weeddb-a-uav-i-04],0.0,
SCI-000089,Semi-supervised Learning for Weed and Crop Segmentation Using UAV Imagery,"{'family_name': 'Nong', 'given_name': 'Chunshi', 'orcid': None}, {'family_name': 'Fan', 'given_name': 'Xijian', 'orcid': None}, {'family_name': 'Wang', 'given_name': 'Junling', 'orcid': None}",2022,Not Reported,,Not Reported,,"In this section, the implementation details are demonstrated,  the segmentation results are compared with state-of-the-art  methods qualitatively and quantitatively",[SCI-000089#resultsand#chk-2022-ac602a-results-and-discussi-30],Not Reported,,"In this section, the implementation details are demonstrated,  the segmentation results are compared with state-of-the-art  methods qualitatively and quantitatively",[SCI-000089#resultsand#chk-2022-ac602a-results-and-discussi-30],Not Reported,,"In this section, the implementation details are demonstrated,  the segmentation results are compared with state-of-the-art  methods qualitatively and quantitatively",[SCI-000089#resultsand#chk-2022-ac602a-results-and-discussi-30]
SCI-000570,Use of synthetic images for training a deep learning model for weed detection and biomass estimation in cotton,"{'family_name': 'Sapkota', 'given_name': 'Bishwa', 'orcid': 'https://orcid.org/0000-0002-0674-7442'}, {'family_name': 'Popescu', 'given_name': 'Sorin', 'orcid': 'https://orcid.org/0000-0002-8155-8801'}, {'family_name': 'Rajan', 'given_name': 'Nithya', 'orcid': 'https://orcid.org/0000-0003-3798-2629'}, {'family_name': 'León', 'given_name': 'Ramón G.', 'orcid': 'https://orcid.org/0000-0002-1924-3331'}, {'family_name': 'Reberg‐Horton', 'given_name': 'Chris', 'orcid': 'https://orcid.org/0000-0001-5002-106X'}, {'family_name': 'Mirsky', 'given_name': 'Steven B.', 'orcid': 'https://orcid.org/0000-0003-3016-5773'}, {'family_name': 'Bagavathiannan', 'given_name': 'Muthukumar', 'orcid': 'https://orcid.org/0000-0002-1107-7148'}",2022,The PO finally merged the annotation directories for all the images to create an annotation file in the,[SCI-000570#methodolog#chk-2022-1cf59f-methodology-for-obje-17],Above‑ground weed biomass collection,[SCI-000570#methods#chk-2022-1cf59f-methods-14],Scientific Reports |        (2022) 12:19580  |  https://doi,[SCI-000570#resultsand#chk-2022-1cf59f-results-and-discussi-51],Scientific Reports |        (2022) 12:19580  |  https://doi,[SCI-000570#methods#chk-2022-1cf59f-methods-13],Performance analysis in relation to past studies,[SCI-000570#resultsand#chk-2022-1cf59f-results-and-discussi-48],Scientific Reports |        (2022) 12:19580  |  https://doi,[SCI-000570#methods#chk-2022-1cf59f-methods-13],Assessing the biomass predictability of model outputs,[SCI-000570#resultsand#chk-2022-1cf59f-results-and-discussi-49]
SCI-001166,An Adaptive Spatial Network for UAV Image Real-Time Semantic Segmentation,"{'family_name': 'Wu', 'given_name': 'Qian', 'orcid': None}, {'family_name': 'Song', 'given_name': 'Jiayu', 'orcid': None}, {'family_name': 'Luo', 'given_name': 'Yanbo', 'orcid': None}, {'family_name': 'Li', 'given_name': 'Hao', 'orcid': None}, {'family_name': 'Tian', 'given_name': 'Qin', 'orcid': None}, {'family_name': 'Wang', 'given_name': 'Qi', 'orcid': None}, {'family_name': 'Gao', 'given_name': 'Jinglong', 'orcid': None}, {'family_name': 'Jia', 'given_name': 'Zhuoran', 'orcid': None}",2022,Not Reported,,Not Reported,,0.0,,Not Reported,,0.0,,Not Reported,,0.0,
SCI-000618,Detection and Counting of Maize Leaves Based on Two-Stage Deep Learning with UAV-Based RGB Image,"{'family_name': 'Xu', 'given_name': 'Xingmei', 'orcid': None}, {'family_name': 'Wang', 'given_name': 'Lu', 'orcid': 'https://orcid.org/0000-0002-9303-4482'}, {'family_name': 'Shu', 'given_name': 'Meiyan', 'orcid': 'https://orcid.org/0000-0002-1519-5520'}, {'family_name': 'Liang', 'given_name': 'Xuewen', 'orcid': None}, {'family_name': 'Ghafoor', 'given_name': 'Abu Zar', 'orcid': 'https://orcid.org/0000-0002-8648-2084'}, {'family_name': 'Liu', 'given_name': 'Yunling', 'orcid': 'https://orcid.org/0000-0001-5040-6816'}, {'family_name': 'Ma', 'given_name': 'Yuntao', 'orcid': 'https://orcid.org/0000-0002-6583-0342'}, {'family_name': 'Zhu', 'given_name': 'Jinyu', 'orcid': None}",2022,"The YOLOv5 model is the latest version of the YOLO series with fast training speed, high detection accuracy, and small model weight ﬁle [52]",[SCI-000618#2materials#chk-2022-beb43a-materials-and-method-18],The original images were cropped into 1005 images with 640 × 640 pixels,[SCI-000618#2materials#chk-2022-beb43a-materials-and-method-13],> on different IoUs (Intersections over Union) when the loss function is SmoothLR,[SCI-000618#3results#chk-2022-beb43a-results-22],The main hardware conﬁgurations of the experimental platform of the two models are: Intel (R) Xeon (R) Gold 6246R CPU with 3,[SCI-000618#2materials#chk-2022-beb43a-materials-and-method-19],> on different IoUs (Intersections over Union) when the loss function is SmoothLR,[SCI-000618#3results#chk-2022-beb43a-results-22],"The performance of YOLOv5 was evaluated using Precision (P), Recall (R), Average Precision (AP), and Mean Average Precision (mAP), and the equations are shown in (5)~(8)",[SCI-000618#2materials#chk-2022-beb43a-materials-and-method-20],> on different IoUs (Intersections over Union) when the loss function is SmoothLR,[SCI-000618#3results#chk-2022-beb43a-results-22]
SCI-001368,Kernelytics: Multispectral Drone Imagery and Deep Learning for Early Corn Assessment,"{'family_name': 'Aplin', 'given_name': 'Oliver', 'orcid': None}, {'family_name': 'Famolari', 'given_name': 'Kavya', 'orcid': None}, {'family_name': 'Liu', 'given_name': 'Sophia', 'orcid': None}, {'family_name': 'Mehta', 'given_name': 'Bhaumik', 'orcid': None}, {'family_name': 'Xiong', 'given_name': 'Max', 'orcid': None}, {'family_name': 'Mesham', 'given_name': 'Michael', 'orcid': None}, {'family_name': 'Jafari', 'given_name': 'Mohsen', 'orcid': None}",2023,Not Reported,,Not Reported,,0.0,,Not Reported,,0.0,,Not Reported,,0.0,
SCI-000451,High-Precision Time Synchronization Algorithm for Unmanned Aerial Vehicle Ad Hoc Networks,"{'family_name': 'Bai', 'given_name': 'Kaiyuan', 'orcid': None}, {'family_name': 'Wu', 'given_name': 'Jianfeng', 'orcid': None}, {'family_name': 'Wu', 'given_name': 'Huabing', 'orcid': None}",2023,Not Reported,,Not Reported,,> **Figure 6,[SCI-000451#4performan#chk-2023-870e52-performance-evaluati-55],Not Reported,,> **Figure 6,[SCI-000451#4performan#chk-2023-870e52-performance-evaluati-55],Not Reported,,> decreased gradually to the 𝑒-12 level and tended to stabilize,[SCI-000451#4performan#chk-2023-870e52-performance-evaluati-56]
SCI-001005,Applying Knowledge Distillation to Improve Weed Mapping with Drones,"{'family_name': 'Castellano', 'given_name': 'Giovanna', 'orcid': None}, {'family_name': 'Marinis', 'given_name': 'Pasquale De', 'orcid': None}, {'family_name': 'Vessio', 'given_name': 'G.', 'orcid': None}",2023,Not Reported,,Not Reported,,0.0,,Not Reported,,0.0,,Not Reported,,0.0,
SCI-000489,Cross-domain transfer learning for weed segmentation and mapping in precision farming using ground and UAV images,"{'family_name': 'Gao', 'given_name': 'Junfeng', 'orcid': 'https://orcid.org/0000-0002-5622-8210'}, {'family_name': 'Liao', 'given_name': 'Wenzhi', 'orcid': 'https://orcid.org/0000-0002-2183-0324'}, {'family_name': 'Nuyttens', 'given_name': 'David', 'orcid': 'https://orcid.org/0000-0002-4531-0526'}, {'family_name': 'Lootens', 'given_name': 'Peter', 'orcid': 'https://orcid.org/0000-0002-3275-3459'}, {'family_name': 'Xue', 'given_name': 'Wenxin', 'orcid': None}, {'family_name': 'Alexandersson', 'given_name': 'Erik', 'orcid': 'https://orcid.org/0000-0001-6320-2492'}, {'family_name': 'Pieters', 'given_name': 'Jan', 'orcid': 'https://orcid.org/0000-0003-4034-9269'}",2023,Fully convolutional networks (FCN) are suitable for field and remote  sensing imagery and have demonstrated promising results in the studies  for semantic segmentation of very high-resolution UAV imagery (Huang  et al,[SCI-000489#2materials#chk-2023-50a172-materials-and-method-16],"The UAV-based image data was collected at the experimental fields  of the Flanders Research Institute for Agricultural, Fisheries, and Food  Research (ILVO) in the agricultural region of Merelbeke, East-Flanders  Province, Belgium in 2016",[SCI-000489#2materials#chk-2023-50a172-materials-and-method-15],"Two common metrics, mean pixel accuracy and mean intersection  over union (mean IoU), are used to evaluate pixel-wise semantic seg­ mentation (Thoma, 2016)",[SCI-000489#3results#chk-2023-50a172-results-27],Fig,[SCI-000489#2materials#chk-2023-50a172-materials-and-method-17],"Efficient interference is obtained by establishing pairwise potential  while employing a fully connected graph such as connecting all pairs of  image pixels i, j",[SCI-000489#3results#chk-2023-50a172-results-26],Fully convolutional networks (FCN) are suitable for field and remote  sensing imagery and have demonstrated promising results in the studies  for semantic segmentation of very high-resolution UAV imagery (Huang  et al,[SCI-000489#2materials#chk-2023-50a172-materials-and-method-16],"Efficient interference is obtained by establishing pairwise potential  while employing a fully connected graph such as connecting all pairs of  image pixels i, j",[SCI-000489#3results#chk-2023-50a172-results-26]
SCI-000203,Improved weed segmentation in UAV imagery of sorghum fields with a combined deblurring segmentation model,"{'family_name': 'Genze', 'given_name': 'Nikita', 'orcid': None}, {'family_name': 'Wirth', 'given_name': 'Maximilian', 'orcid': None}, {'family_name': 'Schreiner', 'given_name': 'Christian', 'orcid': None}, {'family_name': 'Ajekwe', 'given_name': 'Raymond', 'orcid': None}, {'family_name': 'Grieb', 'given_name': 'Michael', 'orcid': None}, {'family_name': 'Grimm', 'given_name': 'Dominik G.', 'orcid': None}",2023,Not Reported,,Not Reported,,"In this section, we first give an overview of the training 
of WeedSeg and evaluate the deblurring model",[SCI-000203#results#chk-2023-2bfa22-results-23],Not Reported,,"In this section, we first give an overview of the training 
of WeedSeg and evaluate the deblurring model",[SCI-000203#results#chk-2023-2bfa22-results-23],Not Reported,,"In this section, we first give an overview of the training 
of WeedSeg and evaluate the deblurring model",[SCI-000203#results#chk-2023-2bfa22-results-23]
SCI-000091,Weed–Crop Segmentation in Drone Images with a Novel Encoder–Decoder Framework Enhanced via Attention Modules,"{'family_name': 'Khan', 'given_name': 'Sultan Daud', 'orcid': None}, {'family_name': 'Basalamah', 'given_name': 'Saleh', 'orcid': 'https://orcid.org/0000-0002-2276-8307'}, {'family_name': 'Lbath', 'given_name': 'Ahmed', 'orcid': None}",2023,The ﬁrst study focuses on evaluating the inﬂuence of the encoder’s backbone network on the overall performance,[SCI-000091#methods#chk-2023-326149-methods-49],"> Recall curve for the weed category and other categories, respectively",[SCI-000091#methods#chk-2023-326149-methods-47],> **Figure 3,[SCI-000091#4resultsan#chk-2023-326149-results-and-discussi-38],"Encoder Network
ASPP Module
mIoU

M1

- 0",[SCI-000091#methods#chk-2023-326149-methods-50],> **Figure 3,[SCI-000091#4resultsan#chk-2023-326149-results-and-discussi-38],"The visual analysis of various model outputs is illustrated in Figure 5, where the performance of different methods is compared with the ground truth",[SCI-000091#methods#chk-2023-326149-methods-48],> **Table 2,[SCI-000091#4resultsan#chk-2023-326149-results-and-discussi-42]
SCI-000666,Overcome the Fear Of Missing Out: Active sensing UAV scanning for precision agriculture,"{'family_name': 'Krestenitis', 'given_name': 'Marios', 'orcid': 'https://orcid.org/0000-0002-7845-7719'}, {'family_name': 'Raptis', 'given_name': 'Emmanuel K.', 'orcid': 'https://orcid.org/0000-0003-0033-7925'}, {'family_name': 'Kapoutsis', 'given_name': 'Athanasios Ch.', 'orcid': 'https://orcid.org/0000-0002-1688-036X'}, {'family_name': 'Ioannidis', 'given_name': 'Konstantinos', 'orcid': 'https://orcid.org/0000-0001-6767-8762'}, {'family_name': 'Kosmatopoulos', 'given_name': 'Elias B.', 'orcid': 'https://orcid.org/0000-0002-3735-4238'}, {'family_name': 'Vrochidis', 'given_name': 'Stefanos', 'orcid': 'https://orcid.org/0000-0002-2505-9178'}",2023,"rate orthomosaic map compared to the current “go-to” approach,
especially for areas of high information gain, where the mea-
sured similarity is higher (note dark blue regions in figure 8(d))",[SCI-000666#resultsimp#chk-2023-be5f92-results-imply-that-t-44],"rate orthomosaic map compared to the current “go-to” approach,
especially for areas of high information gain, where the mea-
sured similarity is higher (note dark blue regions in figure 8(d))",[SCI-000666#resultsimp#chk-2023-be5f92-results-imply-that-t-44],"The aforementioned evaluation process is applied for each one of the examined fields, computing the execution time and the IoU for crop and weed class",[SCI-000666#4experimen#chk-2023-be5f92-experimental-evaluat-43],"rate orthomosaic map compared to the current “go-to” approach,
especially for areas of high information gain, where the mea-
sured similarity is higher (note dark blue regions in figure 8(d))",[SCI-000666#resultsimp#chk-2023-be5f92-results-imply-that-t-44],"To evaluate the efficiency of the proposed speed adjustment methodology, we chose to compare it against the “go-to” STC- based coverage path-planning approach for precision agriculture applications [14, 8, 26], where the UAV is moving with constant speed",[SCI-000666#4experimen#chk-2023-be5f92-experimental-evaluat-39],"rate orthomosaic map compared to the current “go-to” approach,
especially for areas of high information gain, where the mea-
sured similarity is higher (note dark blue regions in figure 8(d))",[SCI-000666#resultsimp#chk-2023-be5f92-results-imply-that-t-44],"The aforementioned evaluation process is applied for each one of the examined fields, computing the execution time and the IoU for crop and weed class",[SCI-000666#4experimen#chk-2023-be5f92-experimental-evaluat-43]
SCI-000095,Unmanned Aerial Vehicle (UAV) in Precision Agriculture to Identify the Crop Water Shortage by Using Multi-Spectral Sensor,"{'family_name': 'Li', 'given_name': 'Wei', 'orcid': None}",2023,Not Reported,,Not Reported,,This paper randomly selects multiple farmland images  from the image database to verify the effectiveness and  correctness of the algorithm,[SCI-000095#resultsand#chk-2023-2b3e70-results-and-discussi-06],Not Reported,,This paper randomly selects multiple farmland images  from the image database to verify the effectiveness and  correctness of the algorithm,[SCI-000095#resultsand#chk-2023-2b3e70-results-and-discussi-06],Not Reported,,This paper randomly selects multiple farmland images  from the image database to verify the effectiveness and  correctness of the algorithm,[SCI-000095#resultsand#chk-2023-2b3e70-results-and-discussi-06]
SCI-000145,Towards automated weed detection through two-stage semantic segmentation of tobacco and weed pixels in aerial Imagery,"{'family_name': 'Moazzam', 'given_name': 'S. Imran', 'orcid': None}, {'family_name': 'Khan', 'given_name': 'Umar S.', 'orcid': None}, {'family_name': 'Qureshi', 'given_name': 'Waqar S.', 'orcid': 'https://orcid.org/0000-0003-0176-8145'}, {'family_name': 'Nawaz', 'given_name': 'Tahir', 'orcid': None}, {'family_name': 'Kunwar', 'given_name': 'Faraz', 'orcid': None}",2023,"UNet with Vanilla Mini CNN backbone is used in stage-I of our sys­ tem to distinguish between vegetation and background, Vanilla Mini  CNN is much smaller than the VGG network, and still, with experi­ mentation, we have found that this UNet backbone can match the  VGG16 backbone for vegetation detection in stage-I",[SCI-000145#2materiala#chk-2023-8a424c-material-and-methods-15],"This section provides datasets details, the proposed method, and its  implementation details",[SCI-000145#2materiala#chk-2023-8a424c-material-and-methods-11],"backbone in stage-I, and in stage-II VGG16 performed the best as the  backbone of the UNet segmentation network",[SCI-000145#3resultsan#chk-2023-8a424c-results-and-observat-21],use it directly or indirectly using transfer learning in tobacco weed  classification applications,[SCI-000145#2materiala#chk-2023-8a424c-material-and-methods-17],"Base Model/ Segmentation Model  VGG 16/ SegNet  Stage I: VGG 16/ SegNet Stage II: VGG  16/ SegNet  Stage I: Vanilla Mini/UNet Stage II: VGG  16/ UNet  Classwise, IOU and MIOU  BG- IOU = 0",[SCI-000145#3resultsan#chk-2023-8a424c-results-and-observat-23],use it directly or indirectly using transfer learning in tobacco weed  classification applications,[SCI-000145#2materiala#chk-2023-8a424c-material-and-methods-17],"Base Model/ Segmentation Model  VGG 16/ SegNet  Stage I: VGG 16/ SegNet Stage II: VGG  16/ SegNet  Stage I: Vanilla Mini/UNet Stage II: VGG  16/ UNet  Classwise, IOU and MIOU  BG- IOU = 0",[SCI-000145#3resultsan#chk-2023-8a424c-results-and-observat-23]
SCI-000416,Real-time detection of cracks in tiled sidewalks using YOLO-based method applied to unmanned aerial vehicle (UAV) images,"{'family_name': 'Qiu', 'given_name': 'Qiwen', 'orcid': None}, {'family_name': 'Lau', 'given_name': 'Denvid', 'orcid': None}",2023,"(ICCV), 2015, pp",[SCI-000416#methodolog#chk-2023-6f13db-methodology-using-ba-54],"metallic surfaces, Comput",[SCI-000416#methodolog#chk-2023-6f13db-methodology-using-ba-52],"where TP means true positive (number of correctly predicted crack  samples), FP means false positive (number of predictions where non-  crack objects are regarded as cracks), FN means false negative (num­ ber of undetected crack objects), and TN means true negative (number of  images without cracks and no prediction is performed)",[SCI-000416#4resultsan#chk-2023-6f13db-results-and-discussi-32],"The conventional method of manually verifying the quality of tiled sidewalks is laborious, because of the time-  consuming identification of cracks from numerous grid-like elements of tiles",[SCI-000416#realtimede#chk-2023-6f13db-real-time-detection--02],The speed of object detection afforded by deep learning algorithm is  another important factor in the application of UAV surveys,[SCI-000416#4resultsan#chk-2023-6f13db-results-and-discussi-45],"metallic surfaces, Comput",[SCI-000416#methodolog#chk-2023-6f13db-methodology-using-ba-52],An epoch refers to the total number of iterations through the entire  training dataset in one cycle and is critical to deep learning performance  [52],[SCI-000416#4resultsan#chk-2023-6f13db-results-and-discussi-36]
SCI-000964,Multi-format open-source weed image dataset for real-time weed identification in precision agriculture.,"{'family_name': 'Rai', 'given_name': 'Nitin', 'orcid': None}, {'family_name': 'Mahecha', 'given_name': 'Maria Villamil', 'orcid': None}, {'family_name': 'Christensen', 'given_name': 'Annika', 'orcid': None}, {'family_name': 'Quanbeck', 'given_name': 'Jamison', 'orcid': None}, {'family_name': 'Zhang', 'given_name': 'Yu', 'orcid': None}, {'family_name': 'Howatt', 'given_name': 'Kirk', 'orcid': None}, {'family_name': 'Ostlie', 'given_name': 'Michael', 'orcid': None}, {'family_name': 'Sun', 'given_name': 'Xin', 'orcid': None}",2023,"After the images were augmented, both categories of the dataset were annotated and ex-  ported using the LabelImg [2] tool",[SCI-000964#6datasetan#chk-2023-00fdb4-dataset-annotation-14],"The aerial weeds dataset was captured using off-the-shelf unmanned aerial system (UAS), the  DJI Phantom 4 Pro (V2",[SCI-000964#4datasetca#chk-2023-00fdb4-dataset-categories-10],0.0,,Following the output discussed in the previous section ( ∗,[SCI-000964#7exporting#chk-2023-00fdb4-exporting-the-datase-16],0.0,,"Subject  Precision Agriculture  Speciﬁc subject area  Weed detection, Weed localization, Convolutional neural network, Computer  vision, and Deep learning",[SCI-000964#multiforma#chk-2023-00fdb4-multi-format-open-so-04],0.0,
SCI-000639,"CoFly: An automated, AI-based open-source platform for UAV precision agriculture applications","{'family_name': 'Raptis', 'given_name': 'Emmanuel K.', 'orcid': 'https://orcid.org/0000-0003-0033-7925'}, {'family_name': 'Englezos', 'given_name': 'Konstantinos', 'orcid': 'https://orcid.org/0000-0002-9495-116X'}, {'family_name': 'Kypris', 'given_name': 'Orfeas', 'orcid': 'https://orcid.org/0000-0001-7858-3259'}, {'family_name': 'Krestenitis', 'given_name': 'Marios', 'orcid': 'https://orcid.org/0000-0002-7845-7719'}, {'family_name': 'Kapoutsis', 'given_name': 'Athanasios Ch.', 'orcid': 'https://orcid.org/0000-0002-1688-036X'}, {'family_name': 'Ioannidis', 'given_name': 'Konstantinos', 'orcid': 'https://orcid.org/0000-0001-6767-8762'}, {'family_name': 'Vrochidis', 'given_name': 'Stefanos', 'orcid': 'https://orcid.org/0000-0002-2505-9178'}, {'family_name': 'Kosmatopoulos', 'given_name': 'Elias B.', 'orcid': 'https://orcid.org/0000-0002-3735-4238'}",2023,Not Reported,,Not Reported,,0.0,,Not Reported,,0.0,,Not Reported,,0.0,
SCI-000441,The MR12-UAV Bombardier: A Cutting-Edge Unmanned Aerial Vehicle in Bombardment Technology,"{'family_name': 'Ruiz Estrada', 'given_name': 'Mario Arturo', 'orcid': None}",2023,Not Reported,,Not Reported,,0.0,,Not Reported,,0.0,,Not Reported,,0.0,
SCI-000488,Deep Learning-Based Weed Detection Using UAV Images: A Comparative Study,"{'family_name': 'Shahi', 'given_name': 'Tej Bahadur', 'orcid': 'https://orcid.org/0000-0002-0616-3180'}, {'family_name': 'Dahal', 'given_name': 'Sweekar', 'orcid': None}, {'family_name': 'Sitaula', 'given_name': 'Chiranjibi', 'orcid': 'https://orcid.org/0000-0002-4564-2985'}, {'family_name': 'Neupane', 'given_name': 'Arjun', 'orcid': 'https://orcid.org/0000-0002-1010-7552'}, {'family_name': 'Guo', 'given_name': 'William', 'orcid': 'https://orcid.org/0000-0002-3134-3327'}",2023,"In this work, we implement SegNet with various CNNs as feature extractors, as depicted in Figure 3",[SCI-000488#3materials#chk-2023-8ee0c4-materials-and-method-23],3,[SCI-000488#3materials#chk-2023-8ee0c4-materials-and-method-15],Background 88,[SCI-000488#4resultsan#chk-2023-8ee0c4-results-and-discussi-35],"For maintaining consistency in comparison, each segmentation model was trained up to maximum epochs of 100, with a learning rate of 0",[SCI-000488#3materials#chk-2023-8ee0c4-materials-and-method-26],"Upon evaluating the backbone CNNs without employing augmentation (D1), both ResNet50 and DenseNet121 yield a mean IoU score exceeding 60% across all three segmen- tation models (SegNet, UNet and DeepLabV3+)",[SCI-000488#4resultsan#chk-2023-8ee0c4-results-and-discussi-29],"CNNs such as ResNet [34] and DenseNet [49] have expanded the network in width, depth and resolution along the different dimensions but not systematically",[SCI-000488#3materials#chk-2023-8ee0c4-materials-and-method-21],"Upon evaluating the backbone CNNs without employing augmentation (D1), both ResNet50 and DenseNet121 yield a mean IoU score exceeding 60% across all three segmen- tation models (SegNet, UNet and DeepLabV3+)",[SCI-000488#4resultsan#chk-2023-8ee0c4-results-and-discussi-29]
SCI-001379,Eggplant Leaf Semantic Segmentation in Aerial Imagery for Precision Agriculture,"{'family_name': 'Usman', 'given_name': 'Nouran M.', 'orcid': None}, {'family_name': 'Aleluya', 'given_name': 'Earl Ryan M.', 'orcid': None}, {'family_name': 'Clar', 'given_name': 'Steve E.', 'orcid': None}, {'family_name': 'Alagon', 'given_name': 'F. J.', 'orcid': None}, {'family_name': 'Salaan', 'given_name': 'Carl John O.', 'orcid': None}, {'family_name': 'Bahinting', 'given_name': 'Maria Fe P.', 'orcid': None}",2023,Not Reported,,Not Reported,,0.0,,Not Reported,,0.0,,Not Reported,,0.0,
SCI-000962,Lightweight Deep Learning Models for High-Precision Rice Seedling Segmentation from UAV-Based Multispectral Images.,"{'family_name': 'Zhang', 'given_name': 'Panli', 'orcid': None}, {'family_name': 'Sun', 'given_name': 'Xiaobo', 'orcid': None}, {'family_name': 'Zhang', 'given_name': 'Donghui', 'orcid': None}, {'family_name': 'Yang', 'given_name': 'Yuechao', 'orcid': None}, {'family_name': 'Wang', 'given_name': 'Zhenhua', 'orcid': None}",2023,"Row and stand detection can be regarded as a binary clas- sification problem, where the pixels should be linked to a class  label",[SCI-000962#methods#chk-2023-930ed6-methods-18],UAV platform and imagery acquisition The UAV remote sensing data acquisition employed the DJI  Phantom 4 multispectral flight (SZ DJI Technology Co,[SCI-000962#methods#chk-2023-930ed6-methods-15],Real-time semantic segmentation systems require models  with sufficiently rapid inference speeds to accommodate high  frame rates per second,[SCI-000962#resultsand#chk-2023-930ed6-results-and-discussi-49],UAV platform and imagery acquisition The UAV remote sensing data acquisition employed the DJI  Phantom 4 multispectral flight (SZ DJI Technology Co,[SCI-000962#methods#chk-2023-930ed6-methods-15],Real-time semantic segmentation systems require models  with sufficiently rapid inference speeds to accommodate high  frame rates per second,[SCI-000962#resultsand#chk-2023-930ed6-results-and-discussi-49],"(1) L = gain × DN + bias

where L represents the radiance, gain and bias represent the  gain and deviation corresponding to sensor, and DN is the pixel  gray value of the original image",[SCI-000962#methods#chk-2023-930ed6-methods-22],"Comparison of network efficiency A primary objective of this study is to explore the comprehen- sive capabilities of semantic segmentation models in crop seg- mentation, necessitating a balance between expressiveness  and computational efficiency across various model metrics— specifically, an analysis of GPU memory usage, model complex- ity, parameter quantity, and execution speed",[SCI-000962#resultsand#chk-2023-930ed6-results-and-discussi-47]
SCI-001305,Collaborative Wheat Lodging Segmentation Semi-Supervised Learning Model Based on RSE-BiSeNet Using UAV Imagery,"{'family_name': 'Zhi', 'given_name': 'Hongbo', 'orcid': None}, {'family_name': 'Yang', 'given_name': 'Baohua', 'orcid': None}, {'family_name': 'Zhu', 'given_name': 'Yue', 'orcid': None}",2023,"To obtain a larger receptive ﬁeld, the lightweight ResNet-18 residual network is used as the basic network in the context path of RSE-BiSeNet for feature extraction, and a global average pooling layer is used at the end of the model",[SCI-001305#2materials#chk-2023-a5d747-materials-and-method-17],2,[SCI-001305#2materials#chk-2023-a5d747-materials-and-method-12],"lodging area are relatively clear, with only a little over-segmentation",[SCI-001305#3results#chk-2023-a5d747-results-22],2,[SCI-001305#2materials#chk-2023-a5d747-materials-and-method-12],3,[SCI-001305#3results#chk-2023-a5d747-results-20],"The F1-score is the harmonic mean of precision and recall, which reﬂects the compre- hensive performance of wheat lodging segmentation, as shown in Formula (3)",[SCI-001305#2materials#chk-2023-a5d747-materials-and-method-19],3,[SCI-001305#3results#chk-2023-a5d747-results-20]
SCI-000440,On-Edge Weed Detection Using Unmanned Aerial Vehicles,"{'family_name': 'Abuhani', 'given_name': 'Diaa  Addeen', 'orcid': None}, {'family_name': 'Haj Hussain', 'given_name': 'Maya', 'orcid': None}, {'family_name': 'ElMohandes', 'given_name': 'Mohamed', 'orcid': None}, {'family_name': 'Khan', 'given_name': 'Jowaria', 'orcid': None}, {'family_name': 'Zualkernan', 'given_name': 'Imran', 'orcid': None}",2024,"The study evaluated a U-NET++ model alongside FPN, PSPNet, and DeepLabv3 models",[SCI-000440#22unetarch#chk-2024-253bba-u-net-architecture-f-26],3,[SCI-000440#3methodolo#chk-2024-253bba-methodology-and-prop-47],"Bands Used # Images Model IoU F16 Dice Coefficient F16

RGB 160 U-Net 0",[SCI-000440#4resultsan#chk-2024-253bba-results-and-discussi-56],The Jetson Nano model chosen for this paper had 16 GBs of memory and an NVIDIA Maxwell GPU with 128  NVIDIA CUDA cores,[SCI-000440#3methodolo#chk-2024-253bba-methodology-and-prop-45],"Bands Used # Images Model IoU F16 Dice Coefficient F16

RGB 160 U-Net 0",[SCI-000440#4resultsan#chk-2024-253bba-results-and-discussi-56],The Jetson Nano model chosen for this paper had 16 GBs of memory and an NVIDIA Maxwell GPU with 128  NVIDIA CUDA cores,[SCI-000440#3methodolo#chk-2024-253bba-methodology-and-prop-45],"Bands Used # Images Model IoU F16 Dice Coefficient F16

RGB 160 U-Net 0",[SCI-000440#4resultsan#chk-2024-253bba-results-and-discussi-56]
SCI-000903,Research on Segmentation Method of Maize Seedling Plant Instances Based on UAV Multispectral Remote Sensing Images.,"{'family_name': 'Geng', 'given_name': 'Tingting', 'orcid': None}, {'family_name': 'Yu', 'given_name': 'Haiyang', 'orcid': None}, {'family_name': 'Yuan', 'given_name': 'Xinru', 'orcid': None}, {'family_name': 'Ma', 'given_name': 'Ruopu', 'orcid': None}, {'family_name': 'Li', 'given_name': 'Pengao', 'orcid': None}",2024,"The C2f module is designed based on the C3 module of YOLOv5 and the concept of ELAN, controlling the gradient path length to achieve more effective learning and convergence",[SCI-000903#2materials#chk-2024-c6a913-materials-and-method-25],"Recall (R) is a metric of model detection generalization, expressed as the proportion of correctly detected labels to the total true labels, as shown in Equation (3)",[SCI-000903#2materials#chk-2024-c6a913-materials-and-method-27],3,[SCI-000903#3experimen#chk-2024-c6a913-experiments-and-anal-28],"The C2f module is designed based on the C3 module of YOLOv5 and the concept of ELAN, controlling the gradient path length to achieve more effective learning and convergence",[SCI-000903#2materials#chk-2024-c6a913-materials-and-method-25],3,[SCI-000903#3experimen#chk-2024-c6a913-experiments-and-anal-28],"Additionally, this study simulates and analyzes the impact of different resolutions on the model’s segmentation accuracy",[SCI-000903#researchon#chk-2024-c6a913-research-on-segmenta-03],3,[SCI-000903#3experimen#chk-2024-c6a913-experiments-and-anal-28]
SCI-000650,Harnessing UAVs and deep learning for accurate grass weed detection in wheat fields: a study on biomass and yield implications,"{'family_name': 'Liu', 'given_name': 'Tao', 'orcid': 'https://orcid.org/0000-0003-1451-5251'}, {'family_name': 'Zhao', 'given_name': 'Yuanyuan', 'orcid': 'https://orcid.org/0000-0001-5298-2948'}, {'family_name': 'Wang', 'given_name': 'Hui', 'orcid': 'https://orcid.org/0009-0005-6741-8166'}, {'family_name': 'Wu', 'given_name': 'Wei', 'orcid': 'https://orcid.org/0000-0002-6625-2222'}, {'family_name': 'Yang', 'given_name': 'Tianle', 'orcid': 'https://orcid.org/0000-0002-3682-4306'}, {'family_name': 'Zhang', 'given_name': 'Weijun', 'orcid': 'https://orcid.org/0009-0006-1540-7382'}, {'family_name': 'Zhu', 'given_name': 'Shaolong', 'orcid': 'https://orcid.org/0000-0002-2525-0095'}, {'family_name': 'Sun', 'given_name': 'Chengming', 'orcid': 'https://orcid.org/0000-0003-0873-3922'}, {'family_name': 'Yao', 'given_name': 'Zhaosheng', 'orcid': 'https://orcid.org/0009-0005-2757-1019'}",2024,Not Reported,,Not Reported,,and the results were shown in Table  2,[SCI-000650#results#chk-2024-255ef3-results-20],Not Reported,,"Semantic segmentation effect of weeds There was still some overlap between wheat and weeds  in the orthophotos during the wintering stage, which  resulted in large errors when attempting to distinguish  weeds directly from wheat",[SCI-000650#results#chk-2024-255ef3-results-19],Not Reported,,Page 9 of 15 Liu et al,[SCI-000650#results#chk-2024-255ef3-results-21]
SCI-000271,Crop Segmentation of Unmanned Aerial Vehicle Imagery Using Edge Enhancement Network,"{'family_name': 'Li', 'given_name': 'Jinwen', 'orcid': 'https://orcid.org/0009-0009-6411-9805'}, {'family_name': 'Pu', 'given_name': 'Fangling', 'orcid': 'https://orcid.org/0000-0002-1490-0347'}, {'family_name': 'Chen', 'given_name': 'Hongjia', 'orcid': 'https://orcid.org/0000-0001-5294-4386'}, {'family_name': 'Xu', 'given_name': 'Xin', 'orcid': 'https://orcid.org/0000-0001-9211-6606'}, {'family_name': 'Yu', 'given_name': 'Yao', 'orcid': 'https://orcid.org/0009-0007-5077-0344'}",2024,Not Reported,,Not Reported,,0.0,,Not Reported,,0.0,,Not Reported,,0.0,
SCI-000075,Weed Instance Segmentation from UAV ortho-mosaic Images based on Deep Learning,"{'family_name': 'Lu', 'given_name': 'Chenghao', 'orcid': None}, {'family_name': 'Gehring', 'given_name': 'Klaus', 'orcid': None}, {'family_name': 'Kopfinger', 'given_name': 'Stefan', 'orcid': None}, {'family_name': 'Bernhardt', 'given_name': 'Heinz', 'orcid': None}, {'family_name': 'Beck', 'given_name': 'Michael', 'orcid': None}, {'family_name': 'Walther', 'given_name': 'Simon', 'orcid': None}, {'family_name': 'Ebertseder', 'given_name': 'Thomas', 'orcid': None}, {'family_name': 'Minceva', 'given_name': 'Mirjana', 'orcid': None}, {'family_name': 'Hu', 'given_name': 'Yuncai', 'orcid': None}, {'family_name': 'Yu', 'given_name': 'Kang', 'orcid': None}",2024,"The images collected by the drone will be stitched into an orthomosaic by Agisoft  Metashape (Agisoft LLC, St",[SCI-000075#23dataprep#chk-2024-ad1158-data-preprocessing-16],"The images collected by the drone will be stitched into an orthomosaic by Agisoft  Metashape (Agisoft LLC, St",[SCI-000075#23dataprep#chk-2024-ad1158-data-preprocessing-16],"In addition, semantic segmentation is commonly evaluated using the Intersection over  Union (IoU) metric",[SCI-000075#27modeleva#chk-2024-ad1158-model-evaluation-25],"The images collected by the drone will be stitched into an orthomosaic by Agisoft  Metashape (Agisoft LLC, St",[SCI-000075#23dataprep#chk-2024-ad1158-data-preprocessing-16],"In addition, semantic segmentation is commonly evaluated using the Intersection over  Union (IoU) metric",[SCI-000075#27modeleva#chk-2024-ad1158-model-evaluation-25],"The images collected by the drone will be stitched into an orthomosaic by Agisoft  Metashape (Agisoft LLC, St",[SCI-000075#23dataprep#chk-2024-ad1158-data-preprocessing-16],"In addition, semantic segmentation is commonly evaluated using the Intersection over  Union (IoU) metric",[SCI-000075#27modeleva#chk-2024-ad1158-model-evaluation-25]
SCI-000980,Deep Learning for Brassica Oleracea Instance Segmentation in UAV Imagery,"{'family_name': 'Macalisang', 'given_name': 'Jonel R.', 'orcid': None}, {'family_name': 'Alon', 'given_name': 'A.', 'orcid': None}, {'family_name': 'Susa', 'given_name': 'Julie Ann B.', 'orcid': None}, {'family_name': 'Austria', 'given_name': 'Yolanda D.', 'orcid': None}, {'family_name': 'Melegrito', 'given_name': 'Mark P.', 'orcid': None}, {'family_name': 'Militante', 'given_name': 'Sammy V.', 'orcid': None}",2024,"University of Antique

Technological University of the

Adamson University

2024 39th International Conference on Image and Vision Computing New Zealand (IVCNZ) | 979-8-3315-1877-6/24/$31",[SCI-000980#architectu#chk-2024-62090b-architecture-02],"University of Antique

Technological University of the

Adamson University

2024 39th International Conference on Image and Vision Computing New Zealand (IVCNZ) | 979-8-3315-1877-6/24/$31",[SCI-000980#architectu#chk-2024-62090b-architecture-02],0.0,,"University of Antique

Technological University of the

Adamson University

2024 39th International Conference on Image and Vision Computing New Zealand (IVCNZ) | 979-8-3315-1877-6/24/$31",[SCI-000980#architectu#chk-2024-62090b-architecture-02],0.0,,"University of Antique

Technological University of the

Adamson University

2024 39th International Conference on Image and Vision Computing New Zealand (IVCNZ) | 979-8-3315-1877-6/24/$31",[SCI-000980#architectu#chk-2024-62090b-architecture-02],0.0,
SCI-000067,RoWeeder: Unsupervised Weed Mapping through Crop-Row Detection,"{'family_name': 'Marinis', 'given_name': 'Pasquale De', 'orcid': None}, {'family_name': 'Vessio', 'given_name': 'Gennaro', 'orcid': None}, {'family_name': 'Castellano', 'given_name': 'Giovanna', 'orcid': None}",2024,Not Reported,,Not Reported,,0.0,,Not Reported,,0.0,,Not Reported,,0.0,
SCI-000138,Crop and Weed Segmentation Using ResNet-Unet Architecture,"{'family_name': 'Purohit', 'given_name': 'Aaryan', 'orcid': None}, {'family_name': 'Pujari', 'given_name': 'Pratik', 'orcid': None}, {'family_name': 'Shah', 'given_name': 'Krish', 'orcid': None}, {'family_name': 'Nimkar', 'given_name': 'Anant V.', 'orcid': None}",2024,"Aaryan Purohit   Department of Computer Engineering

Pratik Pujari   Department of Computer Engineering

Krish Shah  Department of Computer Engineering

2024 First International Conference on Data, Computation and Communication (ICDCC) | 979-8-3315-3295-6/24/$31",[SCI-000138#architectu#chk-2024-45102e-architecture-02],"First International Conference on Data, Computation and Communication 2024

Crop and Weed Segmentation using ResNet-Unet",[SCI-000138#cropandwee#chk-2024-45102e-crop-and-weed-segmen-01],0.0,,"Aaryan Purohit   Department of Computer Engineering

Pratik Pujari   Department of Computer Engineering

Krish Shah  Department of Computer Engineering

2024 First International Conference on Data, Computation and Communication (ICDCC) | 979-8-3315-3295-6/24/$31",[SCI-000138#architectu#chk-2024-45102e-architecture-02],0.0,,"Aaryan Purohit   Department of Computer Engineering

Pratik Pujari   Department of Computer Engineering

Krish Shah  Department of Computer Engineering

2024 First International Conference on Data, Computation and Communication (ICDCC) | 979-8-3315-3295-6/24/$31",[SCI-000138#architectu#chk-2024-45102e-architecture-02],0.0,
SCI-000286,Real-Time Weed Segmentation in Tobacco Crops Utilizing Deep Learning on a Jetson Nano,"{'family_name': 'Qureshi', 'given_name': 'Muhammad Farrukh', 'orcid': None}, {'family_name': 'Amin', 'given_name': 'Faisal', 'orcid': None}, {'family_name': 'Mushtaq', 'given_name': 'Zohaib', 'orcid': None}, {'family_name': 'Ali', 'given_name': 'Muhammad', 'orcid': None}, {'family_name': 'Haris', 'given_name': 'Ahmad Abdullah', 'orcid': None}, {'family_name': 'Rana', 'given_name': 'Aira Younas', 'orcid': None}",2024,Not Reported,,Not Reported,,0.0,,Not Reported,,0.0,,Not Reported,,0.0,
SCI-000149,WeedVision: A single-stage deep learning architecture to perform weed detection and segmentation using drone-acquired images,"{'family_name': 'Rai', 'given_name': 'Nitin', 'orcid': None}, {'family_name': 'Sun', 'given_name': 'Xin', 'orcid': 'https://orcid.org/0000-0002-0658-7522'}",2024,2,[SCI-000149#1developas#chk-2024-07c9c1-develop-a-single-sta-18],The dataset presented in this study was acquired in the summer of  2021 and 2022,[SCI-000149#2materials#chk-2024-07c9c1-materials-and-method-10],Another important aspect of all the models is their performance in  terms of class confusion,[SCI-000149#3experimen#chk-2024-07c9c1-experiment-results-33],"Therefore, architectures trained on  C4 and C5 were considered for metrics evaluation using these formats on  an edge device",[SCI-000149#1developas#chk-2024-07c9c1-develop-a-single-sta-26],Based on Section 2,[SCI-000149#3experimen#chk-2024-07c9c1-experiment-results-34],"Therefore, architectures trained on  C4 and C5 were considered for metrics evaluation using these formats on  an edge device",[SCI-000149#1developas#chk-2024-07c9c1-develop-a-single-sta-26],"P(b, m) = True positive True positive + False positive (2)

R(b, m) = True positive True positive + False negative (3)

∑k=w

mAP(b,m)(@",[SCI-000149#3experimen#chk-2024-07c9c1-experiment-results-30]
SCI-000140,Mapping the future of farm management: A comprehensive analysis of application of drone technology in precision agriculture and livestock farming,"{'family_name': 'SAHNI', 'given_name': 'R. K.', 'orcid': None}, {'family_name': 'SOHAIL', 'given_name': 'M. M.', 'orcid': None}, {'family_name': 'KUMAR', 'given_name': 'V.', 'orcid': None}, {'family_name': 'QURESHI', 'given_name': 'A. A.', 'orcid': None}, {'family_name': 'DIXIT', 'given_name': 'P. S.', 'orcid': None}, {'family_name': 'PAWAIYA', 'given_name': 'R. S.', 'orcid': None}, {'family_name': 'TANPURE', 'given_name': 'K. B.', 'orcid': None}",2024,Not Reported,,Not Reported,,"ISSN-O : 2349 9400; P : 0974 6315  Journal of Crop and Weed, 20(1):92-101 (2024)

https://www",[SCI-000140#mappingthe#chk-2024-200909-mapping-the-future-o-01],Not Reported,,"ISSN-O : 2349 9400; P : 0974 6315  Journal of Crop and Weed, 20(1):92-101 (2024)

https://www",[SCI-000140#mappingthe#chk-2024-200909-mapping-the-future-o-01],Not Reported,,"ISSN-O : 2349 9400; P : 0974 6315  Journal of Crop and Weed, 20(1):92-101 (2024)

https://www",[SCI-000140#mappingthe#chk-2024-200909-mapping-the-future-o-01]
SCI-001053,Deep Learning for Weed Detection and Segmentation in Agricultural Crops Using Images Captured by an Unmanned Aerial Vehicle,"{'family_name': 'Silva', 'given_name': 'Josef Augusto Oberdan Souza', 'orcid': None}, {'family_name': 'Siqueira', 'given_name': 'Vilson Soares de', 'orcid': None}, {'family_name': 'Mesquita', 'given_name': 'Márcio', 'orcid': None}, {'family_name': 'Vale', 'given_name': 'Luís Sérgio Rodrigues', 'orcid': None}, {'family_name': 'Marques', 'given_name': 'Thiago do Nascimento Borges', 'orcid': None}, {'family_name': 'Silva', 'given_name': 'J. L. B.', 'orcid': None}, {'family_name': 'Silva', 'given_name': 'M. V.', 'orcid': None}, {'family_name': 'Lacerda', 'given_name': 'L. N.', 'orcid': None}, {'family_name': 'Oliveira-Júnior', 'given_name': 'José Francisco de', 'orcid': None}, {'family_name': 'Lima', 'given_name': 'João L. M. P. de', 'orcid': None}, {'family_name': 'Oliveira', 'given_name': 'H. F. E. D.', 'orcid': None}",2024,"ResNet50
Optimizer
SGD
Learning Rate
SGD = 1 × 10–2

Batch Size per Image 4 Number of Classes 3 Image Format TIFF

2",[SCI-001053#architectu#chk-2024-b15c82-architecture-32],"Image acquisition was performed with a Phantom® 3 Standard UAV (DJI, Shenzhen, China) with an RGB Full HD digital camera with a resolution of 1980 × 1080 pixels",[SCI-001053#2materiala#chk-2024-b15c82-material-and-methods-16],"The four instance segmentation models trained on the custom dataset included YOLOv8 and its variants YOLOv7, YOLOv5, U-Net, and Mask R-CNN (Detectron2 frame- work) on three different backbones of the latter model based on the feature network architecture in pyramid (R101-FPN, R101-DC5, and X101-FPN) using the Detectron2 frame- work",[SCI-001053#3results#chk-2024-b15c82-results-35],"ResNet50
Optimizer
SGD
Learning Rate
SGD = 1 × 10–2

Batch Size per Image 4 Number of Classes 3 Image Format TIFF

2",[SCI-001053#architectu#chk-2024-b15c82-architecture-32],"The four instance segmentation models trained on the custom dataset included YOLOv8 and its variants YOLOv7, YOLOv5, U-Net, and Mask R-CNN (Detectron2 frame- work) on three different backbones of the latter model based on the feature network architecture in pyramid (R101-FPN, R101-DC5, and X101-FPN) using the Detectron2 frame- work",[SCI-001053#3results#chk-2024-b15c82-results-35],"ResNet50
Optimizer
SGD
Learning Rate
SGD = 1 × 10–2

Batch Size per Image 4 Number of Classes 3 Image Format TIFF

2",[SCI-001053#architectu#chk-2024-b15c82-architecture-32],"The four instance segmentation models trained on the custom dataset included YOLOv8 and its variants YOLOv7, YOLOv5, U-Net, and Mask R-CNN (Detectron2 frame- work) on three different backbones of the latter model based on the feature network architecture in pyramid (R101-FPN, R101-DC5, and X101-FPN) using the Detectron2 frame- work",[SCI-001053#3results#chk-2024-b15c82-results-35]
SCI-001046,Implementing Innovative Weed Detection Techniques for Environmental Sustainability,"{'family_name': 'Sreeja', 'given_name': 'K. A.', 'orcid': None}, {'family_name': 'Pradeep', 'given_name': 'Arun', 'orcid': None}, {'family_name': 'Arshey', 'given_name': 'M.', 'orcid': None}, {'family_name': 'Warrier', 'given_name': 'Gayathry S.', 'orcid': None}, {'family_name': 'Ragesh', 'given_name': 'K. T.', 'orcid': None}",2024,"WEED DETECTION

The research methodology initiates with a  meticulous dataset collection, encompassing 200  unmanned aerial vehicle (UAV) images set against  cluttered backgrounds, where weeds and crops serve as  the focal points for segmentation and detection",[SCI-001046#3methodolo#chk-2024-b2c81f-methodological-frame-11],"WEED DETECTION

The research methodology initiates with a  meticulous dataset collection, encompassing 200  unmanned aerial vehicle (UAV) images set against  cluttered backgrounds, where weeds and crops serve as  the focal points for segmentation and detection",[SCI-001046#3methodolo#chk-2024-b2c81f-methodological-frame-11],An Intel Xeon E5-2643v3 CPU at 3,[SCI-001046#4resultsan#chk-2024-b2c81f-results-and-discussi-29],"WEED DETECTION

The research methodology initiates with a  meticulous dataset collection, encompassing 200  unmanned aerial vehicle (UAV) images set against  cluttered backgrounds, where weeds and crops serve as  the focal points for segmentation and detection",[SCI-001046#3methodolo#chk-2024-b2c81f-methodological-frame-11],An Intel Xeon E5-2643v3 CPU at 3,[SCI-001046#4resultsan#chk-2024-b2c81f-results-and-discussi-29],limitations of traditional methods,[SCI-001046#3methodolo#chk-2024-b2c81f-methodological-frame-12],An Intel Xeon E5-2643v3 CPU at 3,[SCI-001046#4resultsan#chk-2024-b2c81f-results-and-discussi-29]
SCI-000371,ResLMFFNet: a real-time semantic segmentation network for precision agriculture,"{'family_name': 'Ulku', 'given_name': 'Irem', 'orcid': None}",2024,"The ResLMFFNET model, an improved version of the  LMFFNET architecture, emerges to increase accuracy while  preserving real-time capabilities, as depicted in Fig",[SCI-000371#2methods#chk-2024-4f22ef-methods-06],"GFLOPs Params(M) RIT-18 image set
DSTL image set
Wheat Yellow-Rust image set

IoU F1 IoU F1 IoU F1

12",[SCI-000371#architectu#chk-2024-4f22ef-architectures-32],"The mini-batch size is 8, and the number of epochs is 70",[SCI-000371#32evaluati#chk-2024-4f22ef-evaluation-metric-19],"RGB images
NDVI images

IoU F1 IoU F1

U-Net 0",[SCI-000371#architectu#chk-2024-4f22ef-architectures-24],"(13) Precision = TP TP + FP, Recall = TP TP + FN",[SCI-000371#33results#chk-2024-4f22ef-results-21],"The ResLMFFNET model, an improved version of the  LMFFNET architecture, emerges to increase accuracy while  preserving real-time capabilities, as depicted in Fig",[SCI-000371#2methods#chk-2024-4f22ef-methods-06],The experiments are conducted using RGB and normal- ized difference vegetation index (NDVI) [24] images to  demonstrate the generalization capacity of ResLMFFNET  architecture,[SCI-000371#32evaluati#chk-2024-4f22ef-evaluation-metric-20]
SCI-001203,Research on the Corn Stover Image Segmentation Method via an Unmanned Aerial Vehicle (UAV) and Improved U-Net Network,"{'family_name': 'Xu', 'given_name': 'Xiuying', 'orcid': None}, {'family_name': 'Gao', 'given_name': 'Yingying', 'orcid': None}, {'family_name': 'Fu', 'given_name': 'Changhao', 'orcid': None}, {'family_name': 'Qiu', 'given_name': 'Jinkai', 'orcid': None}, {'family_name': 'Zhang', 'given_name': 'Wei', 'orcid': None}",2024,"Before training the semantic segmentation model, it is crucial to label the target region in the dataset at the pixel level",[SCI-001203#2materials#chk-2024-d301a2-materials-and-method-25],"The acquired images encompass six bands: red (R), green (G), blue (B), near-infrared (NIR), visible light (RGB), and red-edge (RE)",[SCI-001203#2materials#chk-2024-d301a2-materials-and-method-20],"leveling off between 80 and 200 iterations, indicating its accurate segmentation capabilities surpassing those of other models",[SCI-001203#4experimen#chk-2024-d301a2-experiments-and-resu-44],"The acquired images encompass six bands: red (R), green (G), blue (B), near-infrared (NIR), visible light (RGB), and red-edge (RE)",[SCI-001203#2materials#chk-2024-d301a2-materials-and-method-20],"It can be seen that when the sample data input size is 512 × 512, the processing speed of the four straw segmentation models is slow, an our algorithm has the problem of bursting the video memory",[SCI-001203#4experimen#chk-2024-d301a2-experiments-and-resu-36],"After the image is spliced, it will be larger than the actual experimental area",[SCI-001203#2materials#chk-2024-d301a2-materials-and-method-24],4,[SCI-001203#4experimen#chk-2024-d301a2-experiments-and-resu-35]
SCI-000902,An instance segmentation dataset of cabbages over the whole growing season for UAV imagery.,"{'family_name': 'Yokoyama', 'given_name': 'Yui', 'orcid': None}, {'family_name': 'Matsui', 'given_name': 'Tsutomu', 'orcid': None}, {'family_name': 'Tanaka', 'given_name': 'Takashi S T', 'orcid': None}",2024,Crop growth monitoring is essential for both crop and supply  chain management,[SCI-000902#aninstance#chk-2024-4c71a5-an-instance-segmenta-02],"Data in Brief 55 (2024) 110699

Contents lists available at ScienceDirect

Data in Brief

journal homepage: www",[SCI-000902#aninstance#chk-2024-4c71a5-an-instance-segmenta-01],0.0,,tivars grown in each city and transplanting day,[SCI-000902#2experimen#chk-2024-4c71a5-experimental-design--08],0.0,,The orthomosaic process was performed using Pix4D mapper version 4,[SCI-000902#2experimen#chk-2024-4c71a5-experimental-design--09],0.0,
SCI-001029,Enhancing sustainable Chinese cabbage production: a comparative analysis of multispectral image instance segmentation techniques,"{'family_name': 'Yuan', 'given_name': 'Xinru', 'orcid': None}, {'family_name': 'Yu', 'given_name': 'Haiyang', 'orcid': None}, {'family_name': 'Geng', 'given_name': 'Tingting', 'orcid': None}, {'family_name': 'Ma', 'given_name': 'Ruopu', 'orcid': None}, {'family_name': 'Li', 'given_name': 'Pengao', 'orcid': None}",2024,"Backbone, Neck, and Head networks",[SCI-001029#architectu#chk-2024-421ad9-architecture-of-yolo-21],"This study executed the acquisition of image data from Chinese  cabbage crops, which were sown in early September and subsequently  imaged on October 1, 2023",[SCI-001029#1construct#chk-2024-421ad9-construction-of-the--14],"Average Precision (AP) is defined as the area under the precision- recall curve, where a higher AP value indicates better model  performance",[SCI-001029#32evaluati#chk-2024-421ad9-evaluation-metrics-40],"Backbone, Neck, and Head networks",[SCI-001029#architectu#chk-2024-421ad9-architecture-of-yolo-21],"across all spectral band combinations, showcasing its peak  effectiveness particularly within the RGB spectrum",[SCI-001029#334analysi#chk-2024-421ad9-analysis-of-chinese--51],"YOLOv8-Seg consists of five models of varying scales:  YOLOv8n-Seg, YOLOv8s-Seg, YOLOv8m-Seg, YOLOv8l-Seg, and  YOLOv8x-Seg",[SCI-001029#architectu#chk-2024-421ad9-architecture-of-yolo-22],"( ) ( ) ( ) ( )

− + − − >  =  = −α − 

q qlog p 1 q log 1 p q 0 VFL p,q q 0 P log 1 p γ

( )

(5)

This study’s experiments were carried out on a platform featuring  a 64-bit Windows 10 operating system, powered by an AMD Ryzen  75,800× 8-Core Processor at 3",[SCI-001029#31experime#chk-2024-421ad9-experimental-environ-37]
SCI-001371,Crop Classification from Drone Imagery Based on Lightweight Semantic Segmentation Methods,"{'family_name': 'Zheng', 'given_name': 'Zuojun', 'orcid': None}, {'family_name': 'Yuan', 'given_name': 'Jianghao', 'orcid': None}, {'family_name': 'Yao', 'given_name': 'Wei', 'orcid': None}, {'family_name': 'Yao', 'given_name': 'Hongxun', 'orcid': None}, {'family_name': 'Liu', 'given_name': 'Qingzhi', 'orcid': None}, {'family_name': 'Guo', 'given_name': 'Leifeng', 'orcid': None}",2024,> **Figure 10,[SCI-001371#2materiala#chk-2024-060469-material-and-methods-21],"On 6 and 14 July 2022, we collected RGB images at a flight altitude of 40 m for wheat planting areas",[SCI-001371#2materiala#chk-2024-060469-material-and-methods-15],"According to the results in Table 10, SPPF, SPPFCSPC and SPPF-CSPC-A are all able to improve the performance of the model, and the module proposed in this paper is more competitive in all the evaluation metrics",[SCI-001371#3results#chk-2024-060469-results-40]," · xj (5)

 

SparseSelfAttention(X) =

xi, xj

Attention

The improved PP-Liteseg structure proposed in this paper is depicted in Figure 16",[SCI-001371#2materiala#chk-2024-060469-material-and-methods-27],"We train all the aforementioned models on the same hardware device and framework, and adjust the hyperparameters of each model to the optimal parameters suitable for our dataset",[SCI-001371#3results#chk-2024-060469-results-35]," · xj (5)

 

SparseSelfAttention(X) =

xi, xj

Attention

The improved PP-Liteseg structure proposed in this paper is depicted in Figure 16",[SCI-001371#2materiala#chk-2024-060469-material-and-methods-27],The results in Table 11 demonstrate that employing complex modules does not nec- essarily improve model performance,[SCI-001371#3results#chk-2024-060469-results-41]
SCI-000442,Real-Time Vehicle Detection and Urban Traffic Behavior Analysis Based on Unmanned Aerial Vehicle Traffic Videos on Mobile Devices,"{'family_name': 'Zhu', 'given_name': 'Yuan', 'orcid': None}, {'family_name': 'Wang', 'given_name': 'Yanqiang', 'orcid': None}, {'family_name': 'An', 'given_name': 'Yadong', 'orcid': None}, {'family_name': 'Yang', 'given_name': 'Hong', 'orcid': None}, {'family_name': 'Pan', 'given_name': 'Yiming', 'orcid': None}",2024,"Dataset fusion and partitioning: Following the consolidation of the three datasets, the resolution is  standardized to 640 x 640 pixels, and the dataset is partitioned into multiple sub-datasets",[SCI-000442#51datasets#chk-2024-72ac66-dataset-selection-an-43],"Dataset fusion and partitioning: Following the consolidation of the three datasets, the resolution is  standardized to 640 x 640 pixels, and the dataset is partitioned into multiple sub-datasets",[SCI-000442#51datasets#chk-2024-72ac66-dataset-selection-an-43],"During the model training process, two distinct methods were employed: utilizing the Create ML tool for  training the native model and employing Coremltools to convert the YOLO model based on the PyTorch  framework",[SCI-000442#52modeltra#chk-2024-72ac66-model-training-targe-44],The design layout of the real-time video transmission interface is depicted in Fig,[SCI-000442#32designan#chk-2024-72ac66-design-and-functiona-15],Real flight experiments were conducted using an iPad equipped with an A12Z chip and DJI Mavic Mini,[SCI-000442#54targettr#chk-2024-72ac66-target-tracking-perf-53],"Dataset fusion and partitioning: Following the consolidation of the three datasets, the resolution is  standardized to 640 x 640 pixels, and the dataset is partitioned into multiple sub-datasets",[SCI-000442#51datasets#chk-2024-72ac66-dataset-selection-an-43],Detection target plotting and data visualization are achieved through two distinct views,[SCI-000442#55actualfl#chk-2024-72ac66-actual-flight-experi-56]
SCI-000225,Adapting Vision-Language Models for Precision Agriculture: A Study on Crop Segmentation based on UAV Remote Sensing Data,"{'family_name': 'Bie', 'given_name': 'Yuhui', 'orcid': None}, {'family_name': 'Xu', 'given_name': 'Guowei', 'orcid': None}, {'family_name': 'Wang', 'given_name': 'Yaojun', 'orcid': None}",2025,Not Reported,,Not Reported,,0.0,,Not Reported,,0.0,,Not Reported,,0.0,
SCI-000017,WeedsGalore: A Multispectral and Multitemporal UAV-based Dataset for Crop and Weed Segmentation in Agricultural Maize Fields,"{'family_name': 'Celikkan', 'given_name': 'Ekin', 'orcid': None}, {'family_name': 'Kunzmann', 'given_name': 'Timo', 'orcid': None}, {'family_name': 'Yeskaliyev', 'given_name': 'Yertay', 'orcid': None}, {'family_name': 'Itzerott', 'given_name': 'Sibylle', 'orcid': None}, {'family_name': 'Klein', 'given_name': 'Nadja', 'orcid': None}, {'family_name': 'Herold', 'given_name': 'Martin', 'orcid': None}",2025,"> Change in plant cover over the acquisition time-
line",[SCI-000017#3theweedsg#chk-2025-2f966c-the-weedsgalore-data-22],We provide a high-resolution UAV dataset for weed segmentation in maize fields,[SCI-000017#3theweedsg#chk-2025-2f966c-the-weedsgalore-data-20],"The latter is expected, as several weed species are pooled together in one class, and they are sometimes classified as one of the other known three categories",[SCI-000017#4experimen#chk-2025-2f966c-experiments-27],"2025 IEEE/CVF Winter Conference on Applications of Computer Vision (WACV)

WeedsGalore: A Multispectral and Multitemporal UAV-based Dataset for Crop

and Weed Segmentation in Agricultural Maize Fields

Ekin Celikkan1,2 Timo Kunzmann1 Yertay Yeskaliyev1 Sibylle Itzerott1

Nadja Klein3 Martin Herold1

1GFZ German Research Centre for Geosciences 2Humboldt-Universit¨at zu Berlin 3Scientific Computing Center, Karlsruhe Institute of Technology

2025 IEEE/CVF Winter Conference on Applications of Computer Vision (WACV) | 979-8-3315-1083-1/25/$31",[SCI-000017#weedsgalor#chk-2025-2f966c-weedsgalore-a-multis-01],"For both architectures, we start with a pre-trained ResNet50 [33] backbone, only changing the first convolu- tional layer to 5 input channels with random initialization for the MSI input",[SCI-000017#4experimen#chk-2025-2f966c-experiments-26],"2025 IEEE/CVF Winter Conference on Applications of Computer Vision (WACV)

WeedsGalore: A Multispectral and Multitemporal UAV-based Dataset for Crop

and Weed Segmentation in Agricultural Maize Fields

Ekin Celikkan1,2 Timo Kunzmann1 Yertay Yeskaliyev1 Sibylle Itzerott1

Nadja Klein3 Martin Herold1

1GFZ German Research Centre for Geosciences 2Humboldt-Universit¨at zu Berlin 3Scientific Computing Center, Karlsruhe Institute of Technology

2025 IEEE/CVF Winter Conference on Applications of Computer Vision (WACV) | 979-8-3315-1083-1/25/$31",[SCI-000017#weedsgalor#chk-2025-2f966c-weedsgalore-a-multis-01],"where acc and conf represent accuracy and confidence re- spectively, n is the total number of MC samples and Bm contains predictions that fall into the mth bin",[SCI-000017#4experimen#chk-2025-2f966c-experiments-30]
SCI-000637,UAV-based intelligent weed detection using YOLO11 and PSPNet for precision agriculture,"{'family_name': 'CHINNASAMI', 'given_name': 'Rajavenkatesswaran KULLAMPALAYAM', 'orcid': None}, {'family_name': 'Rajappan', 'given_name': 'Sivaraj', 'orcid': 'https://orcid.org/0000-0001-8170-5130'}, {'family_name': 'Murugasamy', 'given_name': 'Vijayakumar', 'orcid': None}",2025,Not Reported,,Not Reported,,Metrics Metrics Metrics Metrics  Values Values Values Values  Precision (%) 99,[SCI-000637#results#chk-2025-dfe351-results-29],Not Reported,,> Table 5,[SCI-000637#results#chk-2025-dfe351-results-35],Not Reported,,> Table 5,[SCI-000637#results#chk-2025-dfe351-results-35]
SCI-001480,Vision-Based UAV Navigation in Vineyards using a Disturbance-Aware NMPC,"{'family_name': 'Enrico', 'given_name': 'Riccardo', 'orcid': None}, {'family_name': 'Ricioppo', 'given_name': 'Petre', 'orcid': None}, {'family_name': 'Primatesta', 'given_name': 'S.', 'orcid': None}, {'family_name': 'Mancini', 'given_name': 'M.', 'orcid': None}, {'family_name': 'Capello', 'given_name': 'Elisa', 'orcid': None}",2025,Not Reported,,Not Reported,,0.0,,Not Reported,,0.0,,Not Reported,,0.0,
SCI-000001,Lightweight Multispectral Crop-Weed Segmentation for Precision Agriculture,"{'family_name': 'Galymzhankyzy', 'given_name': 'Zeynep', 'orcid': None}, {'family_name': 'Martinson', 'given_name': 'Eric', 'orcid': None}",2025,Not Reported,,Not Reported,,0.0,,Not Reported,,0.0,,Not Reported,,0.0,
SCI-001413,EDM-UNet: An Edge-Enhanced and Attention-Guided Model for UAV-Based Weed Segmentation in Soybean Fields,"{'family_name': 'Gao', 'given_name': 'Jiaxin', 'orcid': None}, {'family_name': 'Tan', 'given_name': 'Feng', 'orcid': None}, {'family_name': 'Li', 'given_name': 'Xiaohui', 'orcid': None}",2025,with the Canny-derived edge map,[SCI-001413#2materials#chk-2025-37ee93-materials-and-method-21],A DJI Phantom 3P UAV equipped with a 1/2,[SCI-001413#2materials#chk-2025-37ee93-materials-and-method-17],3,[SCI-001413#3resultsan#chk-2025-37ee93-results-and-analysis-30],with the Canny-derived edge map,[SCI-001413#2materials#chk-2025-37ee93-materials-and-method-21],"Notably, this module does not affect the backbone network structure, which results in minimal impact on computational complexity",[SCI-001413#3resultsan#chk-2025-37ee93-results-and-analysis-34],These filters are then applied to the preliminary binary segmentation mask,[SCI-001413#2materials#chk-2025-37ee93-materials-and-method-27],"Notably, this module does not affect the backbone network structure, which results in minimal impact on computational complexity",[SCI-001413#3resultsan#chk-2025-37ee93-results-and-analysis-34]
SCI-000180,CWRepViT-Net: An encoder-decoder deep learning framework with RepViT blocks for crop weed semantic segmentation in soybean fields through their life journey,"{'family_name': 'Gomroki', 'given_name': 'Masoomeh', 'orcid': None}, {'family_name': 'Benaragama', 'given_name': 'Dilshan', 'orcid': 'https://orcid.org/0000-0002-5878-5432'}, {'family_name': 'Henry', 'given_name': 'Christopher James', 'orcid': 'https://orcid.org/0000-0002-2624-1502'}, {'family_name': 'Badreldin', 'given_name': 'Nasem', 'orcid': 'https://orcid.org/0000-0003-2539-6972'}, {'family_name': 'Gulden', 'given_name': 'Robert', 'orcid': None}",2025,The RepViT model (Revisiting Mobile CNN from a ViT Perspective)  was proposed by Wang et al,[SCI-000180#3proposedm#chk-2025-819a7c-proposed-method-21],Fig,[SCI-000180#2materials#chk-2025-819a7c-materials-and-datase-16],CWRepViT-Net achieved high accuracy with reasonable training  speed,[SCI-000180#4experimen#chk-2025-819a7c-experimental-results-30],The performance of CWRepViT-Net was compared with other state-  of-the-art deep learning networks,[SCI-000180#3proposedm#chk-2025-819a7c-proposed-method-22],"precision = TP TP + FP (2)

F1 −score = 2 × TP (2 × TP) + FP + FN (3)

IoU = TP TP + FP + FN (4)

Overall Accuracy (OA) = TP + TN TP + FN + TN + FP (5)

Kappa Coeficient (KC) = 2 × (TP × TN −FN × FP) (TP + FP)(FP + TN) + (TP + FN)(FN + TN)

(6)

where TP indicates the true positives, TN shows true negatives, FP and  FN represent the false positives and false negatives, respectively",[SCI-000180#4experimen#chk-2025-819a7c-experimental-results-34],alization,[SCI-000180#methodolog#chk-2025-819a7c-methodology-investig-52],"precision = TP TP + FP (2)

F1 −score = 2 × TP (2 × TP) + FP + FN (3)

IoU = TP TP + FP + FN (4)

Overall Accuracy (OA) = TP + TN TP + FN + TN + FP (5)

Kappa Coeficient (KC) = 2 × (TP × TN −FN × FP) (TP + FP)(FP + TN) + (TP + FN)(FN + TN)

(6)

where TP indicates the true positives, TN shows true negatives, FP and  FN represent the false positives and false negatives, respectively",[SCI-000180#4experimen#chk-2025-819a7c-experimental-results-34]
SCI-000003,Modular Transformer Architecture for Precision Agriculture Imaging,"{'family_name': 'Gopalan', 'given_name': 'Brian', 'orcid': None}, {'family_name': 'Nascimento', 'given_name': 'Nathalia', 'orcid': None}, {'family_name': 'Monga', 'given_name': 'Vishal', 'orcid': None}",2025,"Modular Transformer Architecture for

Precision Agriculture Imaging

1st Brian Gopalan University Park The Pennsylvania State University

2nd Nathalia Nascimento Engineering Division, Great Valley

3rd Vishal Monga University Park The Pennsylvania State University

The Pennsylvania State University

PA, United States

PA, United States nnascimento@psu",[SCI-000003#modulartra#chk-2025-7daf7d-modular-transformer--01],"Modular Transformer Architecture for

Precision Agriculture Imaging

1st Brian Gopalan University Park The Pennsylvania State University

2nd Nathalia Nascimento Engineering Division, Great Valley

3rd Vishal Monga University Park The Pennsylvania State University

The Pennsylvania State University

PA, United States

PA, United States nnascimento@psu",[SCI-000003#modulartra#chk-2025-7daf7d-modular-transformer--01],0.0,,"Modular Transformer Architecture for

Precision Agriculture Imaging

1st Brian Gopalan University Park The Pennsylvania State University

2nd Nathalia Nascimento Engineering Division, Great Valley

3rd Vishal Monga University Park The Pennsylvania State University

The Pennsylvania State University

PA, United States

PA, United States nnascimento@psu",[SCI-000003#modulartra#chk-2025-7daf7d-modular-transformer--01],0.0,,"Modular Transformer Architecture for

Precision Agriculture Imaging

1st Brian Gopalan University Park The Pennsylvania State University

2nd Nathalia Nascimento Engineering Division, Great Valley

3rd Vishal Monga University Park The Pennsylvania State University

The Pennsylvania State University

PA, United States

PA, United States nnascimento@psu",[SCI-000003#modulartra#chk-2025-7daf7d-modular-transformer--01],0.0,
SCI-001376,Mini Drone-Based Precision Agriculture for Indonesian MSMEs: A Low-Cost AI-Assisted Monitoring System,"{'family_name': 'Hermanus', 'given_name': 'Davy Ronald', 'orcid': None}, {'family_name': 'Supangkat', 'given_name': 'S.', 'orcid': None}, {'family_name': 'Hidayat', 'given_name': 'Fadhil', 'orcid': None}",2025,Not Reported,,Not Reported,,0.0,,Not Reported,,0.0,,Not Reported,,0.0,
SCI-000669,Towards real-time weed detection and segmentation with lightweight CNN models on edge devices,"{'family_name': 'Islam', 'given_name': 'Md Didarul', 'orcid': 'https://orcid.org/0000-0003-1174-2336'}, {'family_name': 'Liu', 'given_name': 'Wenxin', 'orcid': 'https://orcid.org/0009-0001-6226-8112'}, {'family_name': 'Izere', 'given_name': 'Pascal', 'orcid': None}, {'family_name': 'Singh', 'given_name': 'Puranjit', 'orcid': None}, {'family_name': 'Yu', 'given_name': 'Chong Ho', 'orcid': 'https://orcid.org/0000-0003-2617-4853'}, {'family_name': 'Riggan', 'given_name': 'Benjamin S.', 'orcid': 'https://orcid.org/0000-0003-2293-0439'}, {'family_name': 'Zhang', 'given_name': 'Kuan', 'orcid': 'https://orcid.org/0000-0003-4195-1198'}, {'family_name': 'Jhala', 'given_name': 'Amit J.', 'orcid': None}, {'family_name': 'Knežević', 'given_name': 'Stevan Z.', 'orcid': 'https://orcid.org/0000-0003-4898-0063'}, {'family_name': 'Ge', 'given_name': 'Yufeng', 'orcid': 'https://orcid.org/0000-0002-6460-0780'}, {'family_name': 'Pitla', 'given_name': 'Santosh', 'orcid': 'https://orcid.org/0000-0002-3713-4569'}, {'family_name': 'Luck', 'given_name': 'Joe D.', 'orcid': 'https://orcid.org/0000-0002-8278-9812'}, {'family_name': 'Shi', 'given_name': 'Yeyin', 'orcid': 'https://orcid.org/0000-0003-3964-2855'}",2025,M,[SCI-000669#2materials#chk-2025-ade428-materials-and-method-28],"In this study, we targeted a major weed in row crop production in  North America − the Palmer Amaranth (Amaranthus palmeri)",[SCI-000669#2materials#chk-2025-ade428-materials-and-method-23],Examples of DeepLabv3+ and MobileNetV4-Seg SS models’ de­ tections are shown in Figs,[SCI-000669#3results#chk-2025-ade428-results-41],"NVIDIA Jetson Nano (GPU: NVIDIA Maxwell architecture with 128

5

M",[SCI-000669#2materials#chk-2025-ade428-materials-and-method-30],3,[SCI-000669#3results#chk-2025-ade428-results-34],33 FPS for 256 × 256 pixel images when deployed on Jetson Nano,[SCI-000669#2materials#chk-2025-ade428-materials-and-method-33],3,[SCI-000669#3results#chk-2025-ade428-results-34]
SCI-000110,Optimization of Coverage Path Planning for Agricultural Drones in Weed-Infested Fields Using Semantic Segmentation,"{'family_name': 'Lara-Molina', 'given_name': 'Fabian Andres', 'orcid': 'https://orcid.org/0000-0002-5863-2356'}",2025,"For this study, the Inception-ResNet-v2 network was used as the backbone for the DeepLab v3+ model",[SCI-000110#2materials#chk-2025-446b92-materials-and-method-14],"Initially, a convolutional neural network is used to obtain the weed location in the sugarcane crop",[SCI-000110#2materials#chk-2025-446b92-materials-and-method-30],"The trained network was then used to segment the entire test dataset, and perfor- mance metrics were computed using MATLAB’s evaluateSemanticSegmentation func- tion, which provides class-wise accuracy, intersection-over-union (IoU), and a normalized confusion matrix",[SCI-000110#3results#chk-2025-446b92-results-34],"For this study, the Inception-ResNet-v2 network was used as the backbone for the DeepLab v3+ model",[SCI-000110#2materials#chk-2025-446b92-materials-and-method-14],"Images and labels were loaded using the imageDatastore and pixelLabelDatastore functionalities, respectively",[SCI-000110#3results#chk-2025-446b92-results-32],"For this study, the Inception-ResNet-v2 network was used as the backbone for the DeepLab v3+ model",[SCI-000110#2materials#chk-2025-446b92-materials-and-method-14],"Initially, the path cost (c) (obtained by using Equation (1)) is presented in Figure 7b",[SCI-000110#3results#chk-2025-446b92-results-37]
SCI-001382,HRS-UNet: A Semantic Segmentation Model for Precise Crop Classification in Hyperspectral Remote Sensing Image,"{'family_name': 'Lin', 'given_name': 'Yuhuai', 'orcid': None}",2025,Not Reported,,Not Reported,,0.0,,Not Reported,,0.0,,Not Reported,,0.0,
SCI-001023,AgriFusion: Multiscale RGB–NIR Fusion for Semantic Segmentation in Airborne Agricultural Imagery,"{'family_name': 'Li', 'given_name': 'Xuechen', 'orcid': None}, {'family_name': 'Qiao', 'given_name': 'Lang', 'orcid': None}, {'family_name': 'Yang', 'given_name': 'Ce', 'orcid': None}",2025,"This design ensures that spectral and structural cues are not treated uniformly but rather fused adaptively according to scene content, thereby strengthening the model’s ability to detect heterogeneous agricultural anomalies",[SCI-001023#2method#chk-2025-e30864-method-23],2,[SCI-001023#2method#chk-2025-e30864-method-13],The standard deviation of each model is below 0,[SCI-001023#3result#chk-2025-e30864-result-29],All experiments were conducted on a workstation equipped with an NVIDIA RTX 2080Ti GPU (22 GB memory),[SCI-001023#2method#chk-2025-e30864-method-25],"CNN-based approaches lag significantly behind, with DeepLabV3+ reaching 43",[SCI-001023#3result#chk-2025-e30864-result-28],s is the unified channel width after projection,[SCI-001023#2method#chk-2025-e30864-method-18],"CNN-based approaches lag significantly behind, with DeepLabV3+ reaching 43",[SCI-001023#3result#chk-2025-e30864-result-28]
SCI-000898,DM_CorrMatch: a semi-supervised semantic segmentation framework for rapeseed flower coverage estimation using UAV imagery.,"{'family_name': 'Li', 'given_name': 'Jie', 'orcid': None}, {'family_name': 'Zhu', 'given_name': 'Chengyong', 'orcid': None}, {'family_name': 'Yang', 'given_name': 'Chenbo', 'orcid': None}, {'family_name': 'Zheng', 'given_name': 'Quan', 'orcid': None}, {'family_name': 'Wang', 'given_name': 'Binhui', 'orcid': None}, {'family_name': 'Tu', 'given_name': 'Jingmin', 'orcid': None}, {'family_name': 'Zhang', 'given_name': 'Qian', 'orcid': None}, {'family_name': 'Liu', 'given_name': 'Sheng', 'orcid': None}, {'family_name': 'Wang', 'given_name': 'Xinfa', 'orcid': None}, {'family_name': 'Qiao', 'given_name': 'Jiangwei', 'orcid': None}",2025,"The five semi-supervised methods, all using only 30  labeled data samples, can achieve IoU comparable to fully  supervised methods",[SCI-000898#methods#chk-2025-939ca5-methods-50],"Label images
Precision
Recall
IoU
F1 score
Accuracy
FLOPs (G)
Parameters (M)

Traditional Methods

Otsu Method / 0",[SCI-000898#methods#chk-2025-939ca5-methods-48],0.0,,"Label images
Precision
Recall
IoU
F1 score
Accuracy
FLOPs (G)
Parameters (M)

Traditional Methods

Otsu Method / 0",[SCI-000898#methods#chk-2025-939ca5-methods-48],0.0,,"Label images
Precision
Recall
IoU
F1 score
Accuracy
FLOPs (G)
Parameters (M)

Traditional Methods

Otsu Method / 0",[SCI-000898#methods#chk-2025-939ca5-methods-48],0.0,
SCI-001335,Research on Intelligent Image Segmentation Based on UAV Remote Sensing and DeepLabV3+ Model,"{'family_name': 'Li', 'given_name': 'Youying', 'orcid': None}, {'family_name': 'Wang', 'given_name': 'Zhiyuan', 'orcid': None}, {'family_name': 'Li', 'given_name': 'Xinyu', 'orcid': None}, {'family_name': 'Xue', 'given_name': 'Jiali', 'orcid': None}, {'family_name': 'Ma', 'given_name': 'Lisha', 'orcid': None}, {'family_name': 'Jiang', 'given_name': 'Mingfang', 'orcid': None}",2025,"Due to VGG16’s extremely poor performance, it is  excluded from the primary comparison",[SCI-001335#architectu#chk-2025-507a5d-architecture-the-oth-13],"VGG16 is almost unsuitable for these tasks; the ResNet  networks had low accuracy and heavy overfitting;  MobileNetV2 and Xception were comparable in accuracy,  stability, and generalization, with MobileNetV2 having the  smallest memory footprint (though about 1",[SCI-001335#architectu#chk-2025-507a5d-architecture-the-oth-17],0.0,,"VGG16 is almost unsuitable for these tasks; the ResNet  networks had low accuracy and heavy overfitting;  MobileNetV2 and Xception were comparable in accuracy,  stability, and generalization, with MobileNetV2 having the  smallest memory footprint (though about 1",[SCI-001335#architectu#chk-2025-507a5d-architecture-the-oth-17],0.0,,"VGG16 is almost unsuitable for these tasks; the ResNet  networks had low accuracy and heavy overfitting;  MobileNetV2 and Xception were comparable in accuracy,  stability, and generalization, with MobileNetV2 having the  smallest memory footprint (though about 1",[SCI-001335#architectu#chk-2025-507a5d-architecture-the-oth-17],0.0,
SCI-000683,A Low-Cost UAV System and Dataset for Real-Time Weed Detection in Salad Crops,"{'family_name': 'Machidon', 'given_name': 'Alina L.', 'orcid': 'https://orcid.org/0000-0002-9330-3865'}, {'family_name': 'Krašovec', 'given_name': 'Andraž', 'orcid': 'https://orcid.org/0009-0007-4077-0826'}, {'family_name': 'Pejović', 'given_name': 'Veljko', 'orcid': 'https://orcid.org/0000-0002-9009-0024'}, {'family_name': 'Latini', 'given_name': 'Daniele', 'orcid': 'https://orcid.org/0000-0001-5033-7830'}, {'family_name': 'Sasidharan', 'given_name': 'Sarathchandrakumar T.', 'orcid': 'https://orcid.org/0000-0002-6335-5955'}, {'family_name': 'Frate', 'given_name': 'Fabio Del', 'orcid': 'https://orcid.org/0000-0002-1655-0643'}, {'family_name': 'Machidon', 'given_name': 'Octavian', 'orcid': 'https://orcid.org/0000-0003-3133-1008'}",2025,"To evaluate the dataset and set baseline performance benchmarks across different network architectures, we train and evaluate on the proposed dataset several state-of-the- art deep learning models for image segmentation, specifically the DeepLab V3 [33] model, the LRASSP [34] model, and the Squeeze U-Net [35] model",[SCI-000683#3materials#chk-2025-326ce3-materials-and-method-30],The Ground Station Control Software (custom-developed) is crucial for managing real-time monitoring and control of the UAV and its payload,[SCI-000683#3materials#chk-2025-326ce3-materials-and-method-26],0.0,,"The NEO-M9N GPS Module (u-blox AG, Thalwil, Switzerland) provides accurate ge- olocation data",[SCI-000683#3materials#chk-2025-326ce3-materials-and-method-24],0.0,,4,[SCI-000683#4experimen#chk-2025-326ce3-experimental-setup-a-36],0.0,
SCI-000852,SqueezeSlimU-Net: An Adaptive and Efficient Segmentation Architecture for Real-Time UAV Weed Detection,"{'family_name': 'Machidon', 'given_name': 'Alina L.', 'orcid': 'https://orcid.org/0000-0002-9330-3865'}, {'family_name': 'Krašovec', 'given_name': 'Andraž', 'orcid': 'https://orcid.org/0009-0007-4077-0826'}, {'family_name': 'Pejović', 'given_name': 'Veljko', 'orcid': 'https://orcid.org/0000-0002-9009-0024'}, {'family_name': 'Machidon', 'given_name': 'Octavian', 'orcid': 'https://orcid.org/0000-0003-3133-1008'}",2025,[44] Y,[SCI-000852#methodsbas#chk-2025-2225af-methods-based-on-com-59],"She is currently a Researcher with the Faculty of Computer and Information Science, University of Ljubljana, Ljubljana, Slovenia",[SCI-000852#methodsbas#chk-2025-2225af-methods-based-on-com-61],0.0,,"benchmarks,” IEEE Trans",[SCI-000852#methodsbas#chk-2025-2225af-methods-based-on-com-62],0.0,,"She is currently a Researcher with the Faculty of Computer and Information Science, University of Ljubljana, Ljubljana, Slovenia",[SCI-000852#methodsbas#chk-2025-2225af-methods-based-on-com-61],0.0,
SCI-000754,"Integrating Convolutional, Transformer, and Graph Neural Networks for Precision Agriculture and Food Security","{'family_name': 'Mahareek', 'given_name': 'Esraa A.', 'orcid': 'https://orcid.org/0000-0002-9042-248X'}, {'family_name': 'Çifçi', 'given_name': 'Mehmet Akif', 'orcid': 'https://orcid.org/0000-0002-6439-8826'}, {'family_name': 'Desuky', 'given_name': 'Abeer S.', 'orcid': 'https://orcid.org/0000-0003-1661-9134'}",2025,"The AgroVisionNet framework has been proposed with a view to utilizing hybrid deep learning, eradicating the primarily anomalous behavior of precision agriculture",[SCI-000754#3proposedm#chk-2025-224f3f-proposed-methodology-27],"BigEarthNet is a very large remote sensing dataset containing 549,488 Sentinel-1 and Sentinel-2 image patches over 19 different land-cover classes, including Forest, Urban Areas, Pasture, Shrubland, Wetland, and more",[SCI-000754#4datasets#chk-2025-224f3f-datasets-41],"> of AgroVisionNet in comparison to the ten leading benchmark algorithms on six separate
datasets: PlantVillage, Agriculture-Vision, BigEarthNet, UAV Crop and Weed, EuroSAT,
and an additional domain-specific dataset",[SCI-000754#6resultsan#chk-2025-224f3f-results-and-discussi-61],"where Q, K, V are the query, key, and value matrices derived from the patch embeddings, and dk is the dimension of the key vectors",[SCI-000754#3proposedm#chk-2025-224f3f-proposed-methodology-28],The hybrid design of AgroVisionNet inevitably increases model parameters relative to single-stream networks,[SCI-000754#5evaluatio#chk-2025-224f3f-evaluation-metrics-47],"BigEarthNet is a very large remote sensing dataset containing 549,488 Sentinel-1 and Sentinel-2 image patches over 19 different land-cover classes, including Forest, Urban Areas, Pasture, Shrubland, Wetland, and more",[SCI-000754#4datasets#chk-2025-224f3f-datasets-41],"The performance evaluation of the AgroVisionNet framework should, on the other hand, provide a holistic assessment in a number of dimensions to determine how effective it is, how robust it could be, and its ultimate usage in IoT anomaly detection tasks",[SCI-000754#5evaluatio#chk-2025-224f3f-evaluation-metrics-43]
SCI-000890,A dataset of aligned RGB and multispectral UAV imagery for semantic segmentation of weedy rice.,"{'family_name': 'Nguyen', 'given_name': 'Van-Hoa', 'orcid': None}, {'family_name': 'Le', 'given_name': 'Cong-Doan', 'orcid': None}, {'family_name': 'Truong', 'given_name': 'Minh-Tuyen', 'orcid': None}, {'family_name': 'Bui', 'given_name': 'Mai-Phung Thi', 'orcid': None}, {'family_name': 'Le', 'given_name': 'Thanh-Phong', 'orcid': None}",2025,"Following preprocessing, 760 RGB images were selected from the initial set of 1471 images  based on criteria such as high visual clarity, suﬃcient ﬁeld coverage, and diversity in agronomic  conditions, particularly with varying levels of weedy rice infestation",[SCI-000890#4experimen#chk-2025-f33443-experimental-design--12],"Data were collected during three consecutive cropping  seasons, from June 2024 to January 2025, in the Mekong Delta, Vietnam",[SCI-000890#adatasetof#chk-2025-f33443-a-dataset-of-aligned-05],0.0,,"Subject  Computer Sciences  Speciﬁc subject area  Computer Vision, Precision Agriculture, and Geospatial Artiﬁcial Intelligence  Type of data  Aligned RGB images (JPEG, 2400 × 1900)  Aligned multispectral images (TIFF, 2400 × 1900; Green, Red, Red Edge, NIR)  Pixel-level ground-truth masks (PNG, 240 0 × 190 0)  Metadata (CSV: spatial, temporal, and sensor parameters)  Data collection  UAV imagery was collected using a DJI Mavic 3 Multispectral (M3M) UAV equipped  with a 4/3 RGB CMOS and 1/2",[SCI-000890#adatasetof#chk-2025-f33443-a-dataset-of-aligned-04],0.0,,"Subsequently, all aligned RGB and MS images were resized to a standard resolution of  1280 × 960 pixels to ensure consistency in the input for model training",[SCI-000890#4experimen#chk-2025-f33443-experimental-design--14],0.0,
SCI-001425,Lightweight ResNet-U-Net Framework for Onboard Agricultural Boundary Delineation from Drone Imagery,"{'family_name': 'Sarmah', 'given_name': 'Payel', 'orcid': None}, {'family_name': 'Shaw', 'given_name': 'Anil Kumar', 'orcid': None}, {'family_name': 'Pandey', 'given_name': 'Tulika', 'orcid': None}, {'family_name': 'Das', 'given_name': 'Pradip K.', 'orcid': None}",2025,Not Reported,,Not Reported,,0.0,,Not Reported,,0.0,,Not Reported,,0.0,
SCI-001334,MSEA-Net: Multi-Scale and Edge-Aware Network for Weed Segmentation,"{'family_name': 'Syed', 'given_name': 'A.', 'orcid': None}, {'family_name': 'Chen', 'given_name': 'Baifan', 'orcid': None}, {'family_name': 'Abbasi', 'given_name': 'A.', 'orcid': None}, {'family_name': 'Butt', 'given_name': 'S.', 'orcid': None}, {'family_name': 'Fang', 'given_name': 'Xiaoqing', 'orcid': None}",2025,3,[SCI-001334#3materiala#chk-2025-d3a552-material-and-methods-19],3,[SCI-001334#3materiala#chk-2025-d3a552-material-and-methods-14],"Tables 3 and 4 provide a comprehensive comparison of MSEA-Net with various benchmark models across key segmentation metrics, including mean IoU, precision, recall, F1-score, and per-class IoU scores",[SCI-001334#5results#chk-2025-d3a552-results-31],"To enhance boundary precision, EEBA extracts edge-aware features from the encoder’s bottleneck feature map using the Sobel operator, which highlights regions of significant intensity change:

Xedges = Sobel(Xenc) (4)

AgriEngineering 2025, 7, 103 7 of 22

Here, Xenc represents the encoder’s bottleneck feature map, and the Sobel operator extracts edge-aware features by detecting abrupt intensity variations, which typically corre- spond to object boundaries",[SCI-001334#3materiala#chk-2025-d3a552-material-and-methods-20],> **Figure 8,[SCI-001334#5results#chk-2025-d3a552-results-33],"MSEA-Net follows a hierarchical encoder–decoder architecture, where the encoder extracts multi-scale spatial features and the decoder reconstructs high-resolution segmentation maps",[SCI-001334#3materiala#chk-2025-d3a552-material-and-methods-15],The Edge-Enhanced Bottleneck Attention (EEBA) Module plays a crucial role in accu- rately delineating object boundaries,[SCI-001334#5results#chk-2025-d3a552-results-40]
SCI-000505,Deep Learning-Driven Automatic Segmentation of Weeds and Crops in UAV Imagery,"{'family_name': 'Tao', 'given_name': 'Jianghan', 'orcid': 'https://orcid.org/0000-0002-0892-836X'}, {'family_name': 'Qiao', 'given_name': 'Qian', 'orcid': 'https://orcid.org/0009-0005-6154-1411'}, {'family_name': 'Song', 'given_name': 'Jian', 'orcid': 'https://orcid.org/0000-0002-6066-9510'}, {'family_name': 'Sun', 'given_name': 'Shan', 'orcid': None}, {'family_name': 'Chen', 'given_name': 'Yijia', 'orcid': 'https://orcid.org/0000-0001-7033-9593'}, {'family_name': 'Wu', 'given_name': 'Qingyang', 'orcid': 'https://orcid.org/0000-0001-7888-4940'}, {'family_name': 'Liu', 'given_name': 'Yongying', 'orcid': 'https://orcid.org/0009-0001-8186-8471'}, {'family_name': 'Xue', 'given_name': 'Feng', 'orcid': None}, {'family_name': 'Wu', 'given_name': 'Hao', 'orcid': 'https://orcid.org/0000-0002-6530-844X'}, {'family_name': 'Zhao', 'given_name': 'Fan', 'orcid': 'https://orcid.org/0009-0004-8494-3838'}",2025,This study investigated seven deep learning-based SRR techniques,[SCI-000505#2methodolo#chk-2025-3f507c-methodology-18],"In the preprocessing phase, the orthophoto map of the entire tobacco field captured by UAV was subdivided into approximately 840 image patches of 256 × 256 pixels (HR images) using a sliding window approach with a patch size of 256 pixels and a stride of 32 pixels",[SCI-000505#2methodolo#chk-2025-3f507c-methodology-16],3,[SCI-000505#3result#chk-2025-3f507c-result-33],"Dense Prediction Transformer (DPT), built upon Transformer architectures, processes HR feature representations, ensuring a global receptive field at each processing stage [47]",[SCI-000505#2methodolo#chk-2025-3f507c-methodology-25],"In this context, g and f denote the LR image and HR counterpart, respectively",[SCI-000505#3result#chk-2025-3f507c-result-28],with x representing real HR images,[SCI-000505#2methodolo#chk-2025-3f507c-methodology-21],3,[SCI-000505#3result#chk-2025-3f507c-result-33]
SCI-001084,A Preliminary Study on U-Net for Crop Monitoring Using Low-Altitude Drone Imagery,"{'family_name': 'Thang', 'given_name': 'Pham Manh', 'orcid': None}, {'family_name': 'Truong', 'given_name': 'Hoang-Vu', 'orcid': None}, {'family_name': 'Manh', 'given_name': 'Hoang Van', 'orcid': None}, {'family_name': 'Nam', 'given_name': 'Do', 'orcid': None}, {'family_name': 'Viet', 'given_name': 'D.', 'orcid': None}",2025,Not Reported,,Not Reported,,0.0,,Not Reported,,0.0,,Not Reported,,0.0,
SCI-001079,Smart Detection of Sugarcane Leaf Rust Using UAV-Based Multispectral Imaging and Mask R-CNN,"{'family_name': 'Warni', 'given_name': 'Elly', 'orcid': None}, {'family_name': 'Indrabayu', 'given_name': '..', 'orcid': None}, {'family_name': 'Yusuf', 'given_name': 'Muhammad', 'orcid': None}, {'family_name': 'Kusyanto', 'given_name': 'Kaisya Anindya Callista Putri', 'orcid': None}, {'family_name': 'Rizal', 'given_name': 'Muhammad H.', 'orcid': None}",2025,Not Reported,,Not Reported,,0.0,,Not Reported,,0.0,,Not Reported,,0.0,
SCI-000981,Research on Buckwheat Weed Recognition in Multispectral UAV Images Based on MSU-Net,"{'family_name': 'Wu', 'given_name': 'Jinlong', 'orcid': None}, {'family_name': 'Wu', 'given_name': 'Xin', 'orcid': None}, {'family_name': 'Miao', 'given_name': 'Ronghui', 'orcid': None}",2025,The MSU-Net semantic segmentation model ran on Windows 10 with an Intel (R) Core (TM) CPU model i7-12700F@2,[SCI-000981#2materials#chk-2025-1a6874-materials-and-method-28],"In this study, the UAV adopted a TimeSync time synchronization system, which synchronized the flight control, camera, and real-time kinematic (RTK) clock system to achieve millisecond-level errors in camera imaging time",[SCI-000981#2materials#chk-2025-1a6874-materials-and-method-15],"From Table 5, the experimental result of MSU-Net was close to U-Net, with a slightly higher performance than U-Net",[SCI-000981#3results#chk-2025-1a6874-results-40],The MSU-Net semantic segmentation model ran on Windows 10 with an Intel (R) Core (TM) CPU model i7-12700F@2,[SCI-000981#2materials#chk-2025-1a6874-materials-and-method-28],"To further validate the advantages of the proposed algorithm, this paper compared it with commonly used deep semantic segmentation models (DenseASPP [30], PSPNet [31], and DeepLabv3 [32]), as well as the original U-Net model",[SCI-000981#3results#chk-2025-1a6874-results-39],"To evaluate the performance of the segmentation model, mPA [24], mIoU [25], Dice coefficient [26], and F1 score were selected as evaluation indicators",[SCI-000981#2materials#chk-2025-1a6874-materials-and-method-29],"To further validate the advantages of the proposed algorithm, this paper compared it with commonly used deep semantic segmentation models (DenseASPP [30], PSPNet [31], and DeepLabv3 [32]), as well as the original U-Net model",[SCI-000981#3results#chk-2025-1a6874-results-39]
SCI-000888,Multiscale CNN-state space model with feature fusion for crop disease detection from UAV imagery.,"{'family_name': 'Zhang', 'given_name': 'Ting', 'orcid': None}, {'family_name': 'Wang', 'given_name': 'Dengwu', 'orcid': None}, {'family_name': 'Chen', 'given_name': 'Wen', 'orcid': None}",2025,"balanced solution for the segmentation of complex
unmanned aerial vehicle (UAV) crop disease images",[SCI-000888#1ahybridcn#chk-2025-622694-a-hybrid-cnn-vss-arc-13],Sensors and cameras installed on UAVs were used to capture images of crop diseased leaves,[SCI-000888#32implemen#chk-2025-622694-implementation-detai-19],"As shown in Table 4, the model MSCNN-VSS demonstrates an excellent balance between performance and efﬁciency",[SCI-000888#33experime#chk-2025-622694-experiment-results-24],"where N is the number of categories of image pixels, pii is the predicted and actual pixel of type i, Ti is the total number of class i pixels, qji is the total number of pixels of actual type i and predicted type, mIoU is the mean Intersection over Union",[SCI-000888#32implemen#chk-2025-622694-implementation-detai-22],"As shown in Table 4, the model MSCNN-VSS demonstrates an excellent balance between performance and efﬁciency",[SCI-000888#33experime#chk-2025-622694-experiment-results-24],"where N is the number of categories of image pixels, pii is the predicted and actual pixel of type i, Ti is the total number of class i pixels, qji is the total number of pixels of actual type i and predicted type, mIoU is the mean Intersection over Union",[SCI-000888#32implemen#chk-2025-622694-implementation-detai-22],"As shown in Table 4, the model MSCNN-VSS demonstrates an excellent balance between performance and efﬁciency",[SCI-000888#33experime#chk-2025-622694-experiment-results-24]
SCI-001095,Quantitative assessment of sugar beet Cercospora infection based on UAV multispectral imaging and U-Net segmentation,"{'family_name': 'Mudarisov', 'given_name': 'S. G.', 'orcid': None}",2026,Not Reported,,Not Reported,,"To assess the contribution of different types of in­ put features to the final classification, the Area Under  the  Precision-Recall Curve  (AUC-PR) was calculat­ ed",[SCI-001095#resultsand#chk-2026-8dab1c-results-and-discussi-25],Not Reported,,"To assess the contribution of different types of in­ put features to the final classification, the Area Under  the  Precision-Recall Curve  (AUC-PR) was calculat­ ed",[SCI-001095#resultsand#chk-2026-8dab1c-results-and-discussi-25],Not Reported,,"To assess the contribution of different types of in­ put features to the final classification, the Area Under  the  Precision-Recall Curve  (AUC-PR) was calculat­ ed",[SCI-001095#resultsand#chk-2026-8dab1c-results-and-discussi-25]
SCI-001090,Resolution–Accuracy Trade-offs in UAV-Based Semantic Segmentation for Precision Agricultural Imagery,"{'family_name': 'Amin', 'given_name': 'Mohamed Tawhid', 'orcid': None}, {'family_name': 'Hussein', 'given_name': 'A.', 'orcid': None}, {'family_name': 'Mabrook', 'given_name': 'M.', 'orcid': None}",2026,Not Reported,,Not Reported,,0.0,,Not Reported,,0.0,,Not Reported,,0.0,
SCI-001085,Accelerating UAV-Based Agricultural Field Segmentation Using YOLOv11 and Rockchip NPU Quantization,"{'family_name': 'Andriyanov', 'given_name': 'N.', 'orcid': None}, {'family_name': 'Dementiev', 'given_name': 'V.', 'orcid': None}",2026,Not Reported,,Not Reported,,0.0,,Not Reported,,0.0,,Not Reported,,0.0,
SCI-000083,A U-Net Improved Version for Crop and Weed Segmentation from Aerial Images,"{'family_name': 'Bunica-Mihai', 'given_name': 'Alexandru', 'orcid': 'https://orcid.org/0009-0004-7948-0330'}, {'family_name': 'Popescu', 'given_name': 'Dan', 'orcid': 'https://orcid.org/0000-0002-1883-0091'}, {'family_name': 'Ichim', 'given_name': 'Loretta', 'orcid': None}",2026,> **Figure 4,[SCI-000083#2materials#chk-2026-a0c9d5-materials-and-method-28],2,[SCI-000083#2materials#chk-2026-a0c9d5-materials-and-method-23],"During model validation, we evaluated multiple binarization thresholds applied to the final probability maps produced by the model",[SCI-000083#3results#chk-2026-a0c9d5-results-41],"We also experimented with multiple modern encoder backbones within the same U-Net framework: ConvNeXt V2, FastViT, RepViT and MambaVision",[SCI-000083#2materials#chk-2026-a0c9d5-materials-and-method-26],We chose to apply a 0,[SCI-000083#3results#chk-2026-a0c9d5-results-42],"By weighting the contribution of each pixel relative to the sum of predicted and ground truth pixels, Dice Loss emphasizes overlap rather than absolute pixel counts, which makes it particularly effective when foreground regions are small compared to the background",[SCI-000083#2materials#chk-2026-a0c9d5-materials-and-method-37],We chose to apply a 0,[SCI-000083#3results#chk-2026-a0c9d5-results-42]
SCI-001114,Detection of late blight in potato leaves using drone images and Deep Learning techniques,"{'family_name': 'Cairampoma', 'given_name': 'J. A.', 'orcid': None}, {'family_name': 'Gamarra-Gamarra', 'given_name': 'Delia', 'orcid': None}, {'family_name': 'Dionisio', 'given_name': 'F. E.', 'orcid': None}",2026,Disease,[SCI-001114#architectu#chk-2026-72c80f-architecture-restnet-37],accurate classification of grape leaves and diagnosis of grape  diseases,[SCI-001114#architectu#chk-2026-72c80f-architecture-restnet-38],0.0,,accurate classification of grape leaves and diagnosis of grape  diseases,[SCI-001114#architectu#chk-2026-72c80f-architecture-restnet-38],0.0,,Disease,[SCI-001114#architectu#chk-2026-72c80f-architecture-restnet-37],0.0,
SCI-001133,Semantic segmentation of coffee canopies using UAV multispectral imagery and U-Net,"{'family_name': 'Campos', 'given_name': 'Gabriel de Morais', 'orcid': None}, {'family_name': 'Villar', 'given_name': 'Flora Maria de Melo', 'orcid': None}, {'family_name': 'Valente', 'given_name': 'D. S. M.', 'orcid': None}, {'family_name': 'Queiroz', 'given_name': 'D. M.', 'orcid': None}, {'family_name': 'Guedes', 'given_name': 'Clarisse Mercês', 'orcid': None}, {'family_name': 'Tancredi', 'given_name': 'Fábio Daniel', 'orcid': None}, {'family_name': 'Moreira', 'given_name': 'Michel Castro', 'orcid': None}, {'family_name': 'Pinto', 'given_name': 'F. D. A. D. C.', 'orcid': None}",2026,Not Reported,,Not Reported,,"Hyperparameter Search space Type Optimization results Deep 3 a 5 Discrete (int) 4 Inicial filters 16, 32, 64 Categorical 16 Dropout rate 0",[SCI-001133#resultsand#chk-2026-2c0f6d-results-and-discussi-15],Not Reported,,"Hyperparameter Search space Type Optimization results Deep 3 a 5 Discrete (int) 4 Inicial filters 16, 32, 64 Categorical 16 Dropout rate 0",[SCI-001133#resultsand#chk-2026-2c0f6d-results-and-discussi-15],Not Reported,,localized low-value pixels,[SCI-001133#resultsand#chk-2026-2c0f6d-results-and-discussi-14]
SCI-000040,DAS-SK: An Adaptive Model Integrating Dual Atrous Separable and Selective Kernel CNN for Agriculture Semantic Segmentation,"{'family_name': 'Chee', 'given_name': 'Mei Ling', 'orcid': None}, {'family_name': 'Akilan', 'given_name': 'Thangarajah', 'orcid': None}, {'family_name': 'Phalke', 'given_name': 'Aparna Ravindra', 'orcid': None}, {'family_name': 'Keisham', 'given_name': 'Kanchan', 'orcid': None}",2026,Not Reported,,Not Reported,,0.0,,Not Reported,,0.0,,Not Reported,,0.0,
SCI-001292,RPD: Learning Efficient Crops and Weeds for Field Semantic Segmentation in Drone Images,"{'family_name': 'Chen', 'given_name': 'Fanghui', 'orcid': None}, {'family_name': 'Yang', 'given_name': 'Zhenchao', 'orcid': None}, {'family_name': 'Ren', 'given_name': 'Fengyuan', 'orcid': None}",2026,Not Reported,,Not Reported,,dual-branch segmentation network specially designed for crop- weed discrimination using the Phenobench dataset,[SCI-001292#resultsont#chk-2026-371db5-results-on-the-pheno-34],Not Reported,,"face anti-spooﬁng,” in Proc",[SCI-001292#resultsont#chk-2026-371db5-results-on-the-pheno-48],Not Reported,,"Here, we provide measurements of power consumption and temperature behavior to provide additional insight into the energy behavior of the proposed lightweight model, with the Jetson TX2 serving as the test platform",[SCI-001292#resultsont#chk-2026-371db5-results-on-the-pheno-49]
SCI-000129,Multispectral image fusion and attention-driven deep learning for precision weed segmentation and classification in UAV-based agricultural monitoring,"{'family_name': 'Dhanalakshmi', 'given_name': 'Narra', 'orcid': None}, {'family_name': 'Padma sree', 'given_name': 'Lam', 'orcid': None}, {'family_name': 'Mathura', 'given_name': 'Bai B.', 'orcid': None}",2026,"IoU (%) 
(Bg)

MeanI­ oU  (%) MESA-Net [38] 99",[SCI-000129#methods#chk-2026-342876-methods-75],"classification

An advanced framework for precision weed segmentation and classification in sorghum  fields using multispectral images captured by UAVs is shown in Fig",[SCI-000129#3proposedm#chk-2026-342876-proposed-methodology-23],An in-depth empirical evaluation of the proposed PCCSAN-based DenseNet121 U-Net  model for weed segmentation and classification,[SCI-000129#4empirical#chk-2026-342876-empirical-evaluation-57],"Param(M)
Inference Time (s)
MESA-Net [38]
6",[SCI-000129#methods#chk-2026-342876-methods-77],An in-depth empirical evaluation of the proposed PCCSAN-based DenseNet121 U-Net  model for weed segmentation and classification,[SCI-000129#4empirical#chk-2026-342876-empirical-evaluation-57],"IoU (%) 
(Bg)

MeanI­ oU  (%) MESA-Net [38] 99",[SCI-000129#methods#chk-2026-342876-methods-75],"To evaluate efficiency and applicability of proposed model, a computational complexity  analysis was conducted and compared against several state-of-the-art architectures",[SCI-000129#45computat#chk-2026-342876-computational-comple-73]
SCI-001404,"Advanced Smart Agriculture System Using Edge AI, IOT, Deep Learning,and Blockchain","{'family_name': 'Dhole', 'given_name': 'Ishwari P.', 'orcid': None}, {'family_name': 'Sawarkar', 'given_name': 'D. G.', 'orcid': None}, {'family_name': 'Morey', 'given_name': 'Dhanashree A.', 'orcid': None}, {'family_name': 'Bobade', 'given_name': 'Saket R.', 'orcid': None}, {'family_name': 'Dhopte', 'given_name': 'Sumit M.', 'orcid': None}",2026,"Per-disease analysis 
shows greater than 99% for late blight, leaf rust, and 
bacterial blight, with greater than 95% for challenging 
diseases like early blight and powdery mildew",[SCI-001404#3deeplearn#chk-2026-111510-deep-learning-method-13],"Per-disease analysis 
shows greater than 99% for late blight, leaf rust, and 
bacterial blight, with greater than 95% for challenging 
diseases like early blight and powdery mildew",[SCI-001404#3deeplearn#chk-2026-111510-deep-learning-method-13],"Metric  Control  Smart

Agri  Improvement

Average Yield  Increase  Baseline  +38%  p<0",[SCI-001404#52agricult#chk-2026-111510-agricultural-impact--20],"addresses data privacy concerns:   Kumar and Singh (2024) implemented federated crop  disease classification across 500 farms in Punjab, India,  achieving 94",[SCI-001404#3deeplearn#chk-2026-111510-deep-learning-method-14],8,[SCI-001404#53environm#chk-2026-111510-environmental-sustai-25],3,[SCI-001404#3deeplearn#chk-2026-111510-deep-learning-method-12],8,[SCI-001404#53environm#chk-2026-111510-environmental-sustai-25]
SCI-001096,Deep Learning for Semantic Segmentation in Crops: Generalization from Opuntia spp.,"{'family_name': 'Duarte-Rangel', 'given_name': 'Arturo', 'orcid': None}, {'family_name': 'Camacho-Bello', 'given_name': 'C.', 'orcid': None}, {'family_name': 'Cornejo-Velázquez', 'given_name': 'Eduardo', 'orcid': None}, {'family_name': 'Clavel-Maqueda', 'given_name': 'Mireya', 'orcid': None}",2026,"Transformer–based segmentation models incorporate attention to capture long–range dependencies, but early ViT formulations are computationally expensive due to global attention over image patches [34]",[SCI-001096#2materials#chk-2026-0c5f7e-materials-and-method-20],The orthomosaic of Opuntia spp,[SCI-001096#2materials#chk-2026-0c5f7e-materials-and-method-15],> **Table 10,[SCI-001096#4results#chk-2026-0c5f7e-results-58],3,[SCI-001096#3methodolo#chk-2026-0c5f7e-methodology-33],"Beyond average performance, variability differs substantially between models: Swin– Transformer exhibits a larger IoU dispersion (±0",[SCI-001096#4results#chk-2026-0c5f7e-results-43],3,[SCI-001096#3methodolo#chk-2026-0c5f7e-methodology-33],Plant cover quantification was performed using reference masks generated by man- ual annotation in LabelMe on each orthomosaic (both Opuntia spp,[SCI-001096#4results#chk-2026-0c5f7e-results-57]
SCI-000397,Semantic segmentation performance of aerial image segmentation using weighted ensemble trained networks CNNs,"{'family_name': 'Faska', 'given_name': 'Zahra', 'orcid': 'https://orcid.org/0000-0002-2616-8448'}, {'family_name': 'Khrissi', 'given_name': 'Lahbib', 'orcid': None}, {'family_name': 'Haddouch', 'given_name': 'Khalid', 'orcid': None}, {'family_name': 'El Akkad', 'given_name': 'Nabil', 'orcid': None}",2026,"The development of CNNs draws expertise from different fields such as biology, mathemat­ ics, computer science, etc",[SCI-000397#3materials#chk-2026-d0a903-materials-and-method-28],The dataset used in this research originates from the Mohammed Bin Rashid Space Centre  (MBRSC) and contains 72 high-resolution aerial images of Dubai,[SCI-000397#41inputdat#chk-2026-d0a903-input-dataset-41],The success of the CNN model in segmentation is the degree of similarity or dissimilar­ ity between the regions as predicted by the model and the actual regions in the image,[SCI-000397#45evaluati#chk-2026-d0a903-evaluation-metrics-55],"The development of CNNs draws expertise from different fields such as biology, mathemat­ ics, computer science, etc",[SCI-000397#3materials#chk-2026-d0a903-materials-and-method-28],The success of the CNN model in segmentation is the degree of similarity or dissimilar­ ity between the regions as predicted by the model and the actual regions in the image,[SCI-000397#45evaluati#chk-2026-d0a903-evaluation-metrics-55],"The development of CNNs draws expertise from different fields such as biology, mathemat­ ics, computer science, etc",[SCI-000397#3materials#chk-2026-d0a903-materials-and-method-28],The success of the CNN model in segmentation is the degree of similarity or dissimilar­ ity between the regions as predicted by the model and the actual regions in the image,[SCI-000397#45evaluati#chk-2026-d0a903-evaluation-metrics-55]
SCI-001088,Machine Learning-Based Instance Segmentation of Potato Virus Y (PVY) Symptoms in Seed Potato Crops Using RGB Imagery,"{'family_name': 'Hashmi', 'given_name': 'Muhammad Shehzore', 'orcid': None}, {'family_name': 'Nesar', 'given_name': 'Siddat B.', 'orcid': None}, {'family_name': 'Zidack', 'given_name': 'Walter E.', 'orcid': None}, {'family_name': 'Whitaker', 'given_name': 'Bradley M.', 'orcid': None}, {'family_name': 'Nugent', 'given_name': 'Paul W.', 'orcid': None}",2026,Not Reported,,Not Reported,,0.0,,Not Reported,,0.0,,Not Reported,,0.0,
SCI-000160,From barley to rapeseed: few-shot fine-tuning of semantic segmentation models for weed detection using UAV multispectral imagery,"{'family_name': 'Hernández Ludeña', 'given_name': 'Patricio  Alonso', 'orcid': None}, {'family_name': 'Fernández Piñar', 'given_name': 'Carlos', 'orcid': None}, {'family_name': 'López de Herrera', 'given_name': 'Juan', 'orcid': None}, {'family_name': 'Herrero Tejedor', 'given_name': 'Tomás  Ramón', 'orcid': None}, {'family_name': 'Pérez Martin', 'given_name': 'Enrique', 'orcid': None}, {'family_name': 'Raimundo', 'given_name': 'Javier', 'orcid': None}, {'family_name': 'Calderón', 'given_name': 'Jonathan', 'orcid': 'https://orcid.org/0009-0002-6988-5962'}",2026,Not Reported,,Not Reported,,0.0,,Not Reported,,0.0,,Not Reported,,0.0,
SCI-000007,Vision-Language Semantic Grounding for Multi-Domain Crop-Weed Segmentation,"{'family_name': 'Hossain', 'given_name': 'Nazia', 'orcid': None}, {'family_name': 'Jiang', 'given_name': 'Xintong', 'orcid': None}, {'family_name': 'Tian', 'given_name': 'Yu', 'orcid': None}, {'family_name': 'Seguin', 'given_name': 'Philippe', 'orcid': None}, {'family_name': 'Clark', 'given_name': 'O. Grant', 'orcid': None}, {'family_name': 'Sun', 'given_name': 'Shangpeng', 'orcid': None}",2026,3,[SCI-000007#architectu#chk-2026-07be3f-architecture-consist-31],"PhenoBench is a large, publicly available dataset and benchmark suite for plant perception under real agricultural field conditions (Weyler et al",[SCI-000007#3materials#chk-2026-07be3f-materials-and-method-19],4,[SCI-000007#4resultsan#chk-2026-07be3f-results-and-discussi-39],"PhenoBench is a large, publicly available dataset and benchmark suite for plant perception under real agricultural field conditions (Weyler et al",[SCI-000007#3materials#chk-2026-07be3f-materials-and-method-19],"Beyond comparisons with standard CNN baselines in the multi-dataset setting, the proposed framework further demonstrates competitive performance when compared to prior state-of-the-art methods evaluated on single-dataset agricultural benchmarks",[SCI-000007#4resultsan#chk-2026-07be3f-results-and-discussi-52],3,[SCI-000007#architectu#chk-2026-07be3f-architecture-consist-31],4,[SCI-000007#4resultsan#chk-2026-07be3f-results-and-discussi-42]
SCI-000346,Unmanned aerial vehicle-based weed segmentation from multispectral imagery in an edge computing environment,"{'family_name': 'Irfan', 'given_name': 'Muhammad', 'orcid': 'https://orcid.org/0009-0000-6013-7496'}, {'family_name': 'Kim', 'given_name': 'Jung Soo', 'orcid': 'https://orcid.org/0000-0003-2929-9942'}, {'family_name': 'Jeong', 'given_name': 'Seong In', 'orcid': None}, {'family_name': 'Akram', 'given_name': 'Rehan', 'orcid': 'https://orcid.org/0000-0003-3089-7210'}, {'family_name': 'Gondal', 'given_name': 'Hafiz Ali Hamza', 'orcid': None}, {'family_name': 'Tariq', 'given_name': 'Muhammad Hamza', 'orcid': 'https://orcid.org/0009-0006-6939-1507'}, {'family_name': 'Park', 'given_name': 'Kang Ryoung', 'orcid': 'https://orcid.org/0000-0002-1214-9510'}",2026,The comparison with lightweight models is particularly important,[SCI-000346#methods#chk-2026-d7937a-methods-84],4,[SCI-000346#4experimen#chk-2026-d7937a-experimental-setup-a-51],0.0,,M,[SCI-000346#methods#chk-2026-d7937a-methods-81],0.0,,4,[SCI-000346#methods#chk-2026-d7937a-methods-85],0.0,
SCI-000810,AgriJetsonBench: External-Power-Referenced TensorRT Benchmarking of Agricultural Vision Models on Jetson Edge Platforms,"{'family_name': 'Jahanifar', 'given_name': 'Hasan', 'orcid': None}, {'family_name': 'Mirzakhaninafchi', 'given_name': 'Hasan', 'orcid': None}, {'family_name': 'Porter', 'given_name': 'Wesley M.', 'orcid': None}, {'family_name': 'Najar', 'given_name': 'Abolfazl', 'orcid': 'https://orcid.org/0000-0003-4299-5766'}, {'family_name': 'Rains', 'given_name': 'Glen C.', 'orcid': 'https://orcid.org/0000-0002-2497-5422'}",2026,"The locked segmentation split contained 5,381 training images, 798 validation images, and 1,526 test images",[SCI-000810#2materials#chk-2026-c389c0-materials-and-method-22],"The locked segmentation split contained 5,381 training images, 798 validation images, and 1,526 test images",[SCI-000810#2materials#chk-2026-c389c0-materials-and-method-22],> **Table 4: Training and held-out test accuracy for the retained models,[SCI-000810#3results#chk-2026-c389c0-results-57],The experimental workflow followed the stages introduced in Fig,[SCI-000810#2materials#chk-2026-c389c0-materials-and-method-23],DeepLabV3+ INT8 8,[SCI-000810#3results#chk-2026-c389c0-results-61],The experimental workflow followed the stages introduced in Fig,[SCI-000810#2materials#chk-2026-c389c0-materials-and-method-23],2,[SCI-000810#8startthep#chk-2026-c389c0-start-the-pure-engin-48]
SCI-000881,Class imbalance aware deep semantic segmentation framework for weed and tobacco crops in UAV imagery.,"{'family_name': 'Khan', 'given_name': 'Ahmad Jaffar', 'orcid': None}, {'family_name': 'Abu Bakr', 'given_name': 'Muhammad', 'orcid': None}, {'family_name': 'Khan', 'given_name': 'Sultan Daud', 'orcid': None}, {'family_name': 'Ullah', 'given_name': 'Habib', 'orcid': None}, {'family_name': 'Ullah', 'given_name': 'Mohib', 'orcid': None}",2026,"DeepLabV3Plus uses an encoder-decoder architecture with atrous separable convolutions, which helps extract multi- scale contextual features while preserving spatial details (Hashemi-Beni et al",[SCI-000881#3materials#chk-2026-598e9e-materials-and-method-16],"FIGURE 2 Examples of tobacco weed UAV image dataset samples: the RGB images in the ﬁrst row are the input images, and the second row shows their corresponding mask images",[SCI-000881#341dataset#chk-2026-598e9e-dataset-32],"4 120 5:52 pm/7 April 2021 Before irrigation

The following metrics are utilized to assess the performance of the segmentation models: mIoU, IoU, aAcc, and mAcc",[SCI-000881#342evaluat#chk-2026-598e9e-evaluation-metrics-28],"DeepLabV3Plus uses an encoder-decoder architecture with atrous separable convolutions, which helps extract multi- scale contextual features while preserving spatial details (Hashemi-Beni et al",[SCI-000881#3materials#chk-2026-598e9e-materials-and-method-16],"The mIoU, also known as the Jaccard similarity coeﬃcient, is computed by averaging the IoU scores for each data class across all images",[SCI-000881#342evaluat#chk-2026-598e9e-evaluation-metrics-30],Our tests were carried out using open-source PyTorch- based MMSegmentation tools for semantic segmentation,[SCI-000881#34experime#chk-2026-598e9e-experimental-setup-26],"4 120 5:52 pm/7 April 2021 Before irrigation

The following metrics are utilized to assess the performance of the segmentation models: mIoU, IoU, aAcc, and mAcc",[SCI-000881#342evaluat#chk-2026-598e9e-evaluation-metrics-28]
SCI-000074,WeedFormer: Transformer-based Crop-Weed Segmentation for UAV Imagery,"{'family_name': 'Krishna', 'given_name': 'Boggarapu Vamsi', 'orcid': None}, {'family_name': 'Roshan', 'given_name': 'Mohammad', 'orcid': None}, {'family_name': 'Babu', 'given_name': 'E. Akhil', 'orcid': None}",2026,Not Reported,,Not Reported,,0.0,,Not Reported,,0.0,,Not Reported,,0.0,
SCI-000816,Deblurring-aware semantic segmentation of crops and weeds in UAV sorghum imagery via a UNet-ResNet architecture,"{'family_name': 'Li', 'given_name': 'Qi', 'orcid': 'https://orcid.org/0000-0003-2004-6885'}, {'family_name': 'Zou', 'given_name': 'Shenshen', 'orcid': 'https://orcid.org/0000-0002-3406-4913'}",2026,Fig,[SCI-000816#34decodera#chk-2026-72fd25-decoder-architecture-34],Real-time inference requirements for practical deployment on edge computing plat- forms impose stringent constraints on model complexity and computational cost [29],[SCI-000816#27deployme#chk-2026-72fd25-deployment-and-datas-19],"Considering the severe class imbalance and the multi-class nature of the seg- mentation task, the Dice Score alone is not sufficient to fully characterise model performance",[SCI-000816#42evaluati#chk-2026-72fd25-evaluation-metrics-51],As shown in Table 3 and Fig,[SCI-000816#43implemen#chk-2026-72fd25-implementation-detai-57],"To assess the computational feasibility of deployment on resource-constrained UAV platforms, we report the parameter count and multiply–accumulate operations (MACs) of the proposed framework and all SOTA baselines",[SCI-000816#46computat#chk-2026-72fd25-computational-comple-66],The decoder path progressively recovers spatial resolution through five consecutive decoder blocks,[SCI-000816#31overallm#chk-2026-72fd25-overall-model-archit-23],"To assess the computational feasibility of deployment on resource-constrained UAV platforms, we report the parameter count and multiply–accumulate operations (MACs) of the proposed framework and all SOTA baselines",[SCI-000816#46computat#chk-2026-72fd25-computational-comple-66]
SCI-000878,Soybean Field Weed Segmentation and Prescription Map Generation Based on SCG-UNet Fusion of UAV RGB and Multispectral Images.,"{'family_name': 'Li', 'given_name': 'He', 'orcid': None}, {'family_name': 'Wang', 'given_name': 'Qianyi', 'orcid': None}, {'family_name': 'Yang', 'given_name': 'Zishang', 'orcid': None}, {'family_name': 'Zhang', 'given_name': 'Xiuyuan', 'orcid': None}, {'family_name': 'Ding', 'given_name': 'Qiming', 'orcid': None}, {'family_name': 'Wang', 'given_name': 'Lele', 'orcid': None}",2026,"> decoder, and xl denotes the skip-connection feature from the corresponding encoder layer",[SCI-000878#3materials#chk-2026-6a7334-materials-and-method-82],(3) The Labelme 5,[SCI-000878#3materials#chk-2026-6a7334-materials-and-method-64],"Compared with the results obtained using the fixed 7:2:1 spatial block partition, the five-fold averages decreased by 0",[SCI-000878#2resultsan#chk-2026-6a7334-results-and-discussi-44],"> decoder, and xl denotes the skip-connection feature from the corresponding encoder layer",[SCI-000878#3materials#chk-2026-6a7334-materials-and-method-82],"As shown in Table 7, SCG-UNet achieved the highest numerical values among all evaluated models, with an mPA of 92",[SCI-000878#2resultsan#chk-2026-6a7334-results-and-discussi-47],"The pixel values of the original RGB images were stored as 8-bit unsigned integers (uint8), with each red, green, and blue channel ranging from 0 to 255",[SCI-000878#3materials#chk-2026-6a7334-materials-and-method-67],Note: The R band was used as the reference because it achieved the highest mIoU,[SCI-000878#2resultsan#chk-2026-6a7334-results-and-discussi-22]
SCI-000446,Artificial Intelligence Implementation on Unmanned Aerial Vehicle for Real-Time Detection,"{'family_name': 'Mahmudlu', 'given_name': 'Firdovsi', 'orcid': None}, {'family_name': 'Heybatov', 'given_name': 'Dayanat', 'orcid': None}, {'family_name': 'Samadov', 'given_name': 'Samad', 'orcid': None}",2026,"Artiﬁcial Intelligence Implementation  on Unmanned Aerial Vehicle for Real-Time

Detection

Firdovsi Mahmudlu, Dayanat Heybatovenvelope symbol, and Samad Samadov

Air Transport Faculty, Department of Avionics, National Aviation Academy, Baku, Azerbaijan

{fmahmudlu,dayanat",[SCI-000446#artificial#chk-2026-9c6cb8-artificial-intellige-01],"Artiﬁcial Intelligence Implementation  on Unmanned Aerial Vehicle for Real-Time

Detection

Firdovsi Mahmudlu, Dayanat Heybatovenvelope symbol, and Samad Samadov

Air Transport Faculty, Department of Avionics, National Aviation Academy, Baku, Azerbaijan

{fmahmudlu,dayanat",[SCI-000446#artificial#chk-2026-9c6cb8-artificial-intellige-01],0.0,,"Artiﬁcial Intelligence Implementation  on Unmanned Aerial Vehicle for Real-Time

Detection

Firdovsi Mahmudlu, Dayanat Heybatovenvelope symbol, and Samad Samadov

Air Transport Faculty, Department of Avionics, National Aviation Academy, Baku, Azerbaijan

{fmahmudlu,dayanat",[SCI-000446#artificial#chk-2026-9c6cb8-artificial-intellige-01],0.0,,"Artiﬁcial Intelligence Implementation  on Unmanned Aerial Vehicle for Real-Time

Detection

Firdovsi Mahmudlu, Dayanat Heybatovenvelope symbol, and Samad Samadov

Air Transport Faculty, Department of Avionics, National Aviation Academy, Baku, Azerbaijan

{fmahmudlu,dayanat",[SCI-000446#artificial#chk-2026-9c6cb8-artificial-intellige-01],0.0,
SCI-001116,Herbsat: Satellite Imagery for Ayurvedic Crop Detection in Hilly Regions,"{'family_name': 'M', 'given_name': 'D.', 'orcid': None}, {'family_name': 'K', 'given_name': 'Gogila Devi', 'orcid': None}, {'family_name': 'R', 'given_name': 'K.', 'orcid': None}, {'family_name': 'V', 'given_name': 'K.', 'orcid': None}",2026,Not Reported,,Not Reported,,0.0,,Not Reported,,0.0,,Not Reported,,0.0,
SCI-000315,Deteksi Objek Pohon Secara Real-Time dari Udara Menggunakan YOLOv8 pada Unmanned Aerial Vehicle (UAV) untuk Aplikasi Penentuan Kerapatan Vegetasi Hutan,"{'family_name': 'Pratama', 'given_name': 'Adiyasa', 'orcid': None}, {'family_name': 'Evita', 'given_name': 'Maria', 'orcid': None}",2026,Not Reported,,Not Reported,,0.0,,Not Reported,,0.0,,Not Reported,,0.0,
SCI-000877,CamelinaWeed: an expert-agronomist-annotated UAV RGB and multispectral dataset for weed and crop monitoring in,"{'family_name': 'Rallis', 'given_name': 'Ioannis N', 'orcid': None}, {'family_name': 'Kempapidis', 'given_name': 'Kyriakos', 'orcid': None}, {'family_name': 'Raptis', 'given_name': 'Panagiotis', 'orcid': None}, {'family_name': 'Raptis', 'given_name': 'Emmanuel K', 'orcid': None}, {'family_name': 'Kapoutsis', 'given_name': 'Athanasios Ch', 'orcid': None}",2026,"Faster R-CNN  ResNet-50-FPN  [ 16–18 ]

Broadleaf  0",[SCI-000877#4experimen#chk-2026-778b55-experimental-design--20],"In addition to the orthomosaic ﬂights, several low-altitude UAV ﬂights, whose acquisition pa-  rameters are summarized in Table 6 , were performed to acquire detailed RGB and MS imagery  of the plants at different spatial resolutions",[SCI-000877#4experimen#chk-2026-778b55-experimental-design--17],0.0,,The CamelinaWeed dataset [ 11 ] was evaluated using an NVIDIA GeForce RTX 5060 Ti GPU  with 16 GB VRAM,[SCI-000877#4experimen#chk-2026-778b55-experimental-design--19],0.0,,"∗Corresponding author at: Department of Electrical and Computer Engineering, Democritus University of Thrace, Xan-  thi, Greece",[SCI-000877#camelinawe#chk-2026-778b55-camelinaweed-an-expe-03],0.0,
SCI-000934,UAV-based real-time detection of corn earworm using EfficientNet and machine learning.,"{'family_name': 'Sahu', 'given_name': 'Shriya', 'orcid': None}, {'family_name': 'Verma', 'given_name': 'Prerna', 'orcid': None}",2026,"EfficientNet’s architecture and the assimilation of these  key equations make it a powerful tool for agricultural appli­ cations, contributing both high performance and low  resource consumption",[SCI-000934#3researchp#chk-2026-2d2023-research-proposed-me-25],"These datasets are essential  for training machine learning algorithms, allowing them to  learn patterns that distinguish healthy from unhealthy crops,  ultimately enabling accurate real-time pest and disease detec­ tion, as summarized in Table 1",[SCI-000934#3researchp#chk-2026-2d2023-research-proposed-me-15],> detection rates in AI-based corn earworm detection,[SCI-000934#4experimen#chk-2026-2d2023-experimentation-resu-42],"EfficientNet’s architecture and the assimilation of these  key equations make it a powerful tool for agricultural appli­ cations, contributing both high performance and low  resource consumption",[SCI-000934#3researchp#chk-2026-2d2023-research-proposed-me-25],"improvement in alerting shows that the model is reliable for  continuous, real-time field deployment, making it effective  for practical crop protection applications",[SCI-000934#4experimen#chk-2026-2d2023-experimentation-resu-45],> ture intended for image analysis,[SCI-000934#3researchp#chk-2026-2d2023-research-proposed-me-24],"improvement in alerting shows that the model is reliable for  continuous, real-time field deployment, making it effective  for practical crop protection applications",[SCI-000934#4experimen#chk-2026-2d2023-experimentation-resu-45]
SCI-001017,Multi-Class Weed Quantification Based on U-Net Convolutional Neural Networks Using UAV Imagery,"{'family_name': 'Sandoval-Pillajo', 'given_name': 'Lucía', 'orcid': None}, {'family_name': 'Pusdá-Chulde', 'given_name': 'Marco', 'orcid': None}, {'family_name': 'Pazos-Morillo', 'given_name': 'Jorge', 'orcid': None}, {'family_name': 'Granda-Gudiño', 'given_name': 'Pedro D.', 'orcid': None}, {'family_name': 'García-Santillán', 'given_name': 'Iván D.', 'orcid': None}",2026,"The encoder performs feature extraction from the image, while the decoder is responsible for reconstruction and semantic segmentation for the six classes mentioned",[SCI-001017#2materials#chk-2026-66ad20-materials-and-method-31],"RGB images (5472 × 3648) were collected from 8 different potato crop ﬁelds in Carchi and Imbabura (Ecuador) to incorporate diverse climatic conditions, land, and plant variabil- ity",[SCI-001017#2materials#chk-2026-66ad20-materials-and-method-19],https://doi,[SCI-001017#3results#chk-2026-66ad20-results-54],"In addition to the standard implementation of U-Net [23], some variations were adapted to improve the accuracy and efﬁciency of weed segmentation in potato crops, inspired by recent approaches in computer vision",[SCI-001017#2materials#chk-2026-66ad20-materials-and-method-32],"On the other hand, the Residual U-Net model was trained on Google Colab Pro+ on a GPU Nvidia A100 for 100 epochs in 2",[SCI-001017#3results#chk-2026-66ad20-results-55],A total of 2100 correctly classiﬁed 250 × 250 sub-images were obtained,[SCI-001017#2materials#chk-2026-66ad20-materials-and-method-24],This phenomenon regarding the discrepancy between the IoU metric and the t-student’s test in certain classes (Kikuyu and background) may be common in semantic segmentation problems,[SCI-001017#3results#chk-2026-66ad20-results-53]
SCI-000883,A Multi-Head UNet++ Framework with Fractional Differential Output Refinement for UAV Multispectral Crop Stress Mapping.,"{'family_name': 'Suiçmez', 'given_name': 'Çağrı', 'orcid': None}, {'family_name': 'Yılmaz', 'given_name': 'Cemal', 'orcid': None}, {'family_name': 'Kahraman', 'given_name': 'Hamdi Tolga', 'orcid': None}, {'family_name': 'Sönmez', 'given_name': 'Yusuf', 'orcid': None}",2026,The proposed architecture extends the multi-scale feature representations derived from the UNet++ backbone with a multi-head structure capable of learning boundary and geometry information as well as pixel-level segmentation,[SCI-000883#3materials#chk-2026-ce329f-materials-and-method-45],The dataset used in this study includes labels derived from two different orthomosaics and created according to different problem definitions,[SCI-000883#3materials#chk-2026-ce329f-materials-and-method-23],"For the rust disease class, which has limited spatial extent and heterogeneous texture, it was found that the IoU value was 0",[SCI-000883#5experimen#chk-2026-ce329f-experimental-results-75],The proposed model produces a single output for the final segmentation result,[SCI-000883#3materials#chk-2026-ce329f-materials-and-method-41],The edge header was treated as a pixel-based binary classification problem [43],[SCI-000883#4trainings#chk-2026-ce329f-training-strategy-an-58],"Xi,0, Xi,1,",[SCI-000883#3materials#chk-2026-ce329f-materials-and-method-44],"At this stage, the improvement in performance resulting from the incremental addition of the proposed UNet++ architecture was evaluated systematically, commencing with the basic variant (Variation A)",[SCI-000883#5experimen#chk-2026-ce329f-experimental-results-88]
SCI-000013,Self-supervised training for high-resolution close-range multispectral remote sensing imagery,"{'family_name': 'Thomas', 'given_name': 'Leon-Friedrich', 'orcid': None}, {'family_name': 'Änäkkälä', 'given_name': 'Mikael', 'orcid': None}, {'family_name': 'Lajunen', 'given_name': 'Antti', 'orcid': None}",2026,Not Reported,,Not Reported,,[32]  Z,[SCI-000013#resultsfur#chk-2026-124077-results-furthermore--61],Not Reported,,VIII,[SCI-000013#resultsfur#chk-2026-124077-results-furthermore--54],Not Reported,,[32]  Z,[SCI-000013#resultsfur#chk-2026-124077-results-furthermore--61]
SCI-000005,BAWSeg: A UAV Multispectral Benchmark for Barley Weed Segmentation,"{'family_name': 'Wang', 'given_name': 'Haitian', 'orcid': None}, {'family_name': 'Wang', 'given_name': 'Xinyu', 'orcid': None}, {'family_name': 'Ibrahim', 'given_name': 'Muhammad', 'orcid': None}, {'family_name': 'Severtson', 'given_name': 'Dustin', 'orcid': None}, {'family_name': 'Mian', 'given_name': 'Ajmal', 'orcid': None}",2026,"i −µi)/(σi + ϵ), and the same (µi, σi) are reused for validation and test data to avoid leakage",[SCI-000005#3materials#chk-2026-107d4d-materials-and-method-29],3,[SCI-000005#3materials#chk-2026-107d4d-materials-and-method-19],Metrics and confidence intervals,[SCI-000005#4results#chk-2026-107d4d-results-43],This section specifies the complete workflow used to build the BAWSeg benchmark and develop the VISA segmentation model,[SCI-000005#3materials#chk-2026-107d4d-materials-and-method-16],"We report results for the proposed radiance-index two-stream model on BAWSeg under three deployment-oriented protocols, namely within-plot, cross-plot, and cross-year",[SCI-000005#4results#chk-2026-107d4d-results-41],"H = W = 256, ordered as (B, G, R, RE, NIR) after band co-registration",[SCI-000005#3materials#chk-2026-107d4d-materials-and-method-27],Metrics and confidence intervals,[SCI-000005#4results#chk-2026-107d4d-results-43]
SCI-001411,Estimation of Kenaf seedling canopy coverage in saline soil using semantic segmentation of UAV RGB images,"{'family_name': 'Wang', 'given_name': 'Wei', 'orcid': None}, {'family_name': 'Cao', 'given_name': 'Kunzhi', 'orcid': None}, {'family_name': 'Luo', 'given_name': 'Guiying', 'orcid': None}, {'family_name': 'Huang', 'given_name': 'Ruohan', 'orcid': None}, {'family_name': 'Nie', 'given_name': 'Jihao', 'orcid': None}, {'family_name': 'Zhang', 'given_name': 'Junyu', 'orcid': None}, {'family_name': 'Lu', 'given_name': 'Jianning', 'orcid': None}, {'family_name': 'Cui', 'given_name': 'Guoxian', 'orcid': None}, {'family_name': 'An', 'given_name': 'Xia', 'orcid': None}, {'family_name': 'She', 'given_name': 'Wei', 'orcid': None}",2026,"Model testing employs Test Time Augmentation (TTA)
technology, generating augmented images through multi-scale
transformations and horizontal ﬂipping to enhance prediction
accuracy",[SCI-001411#325modelte#chk-2026-e4d818-model-testing-method-27],Soil pH ranged from 8,[SCI-001411#31construc#chk-2026-e4d818-construction-of-imag-17],The FCN model achieved an average Intersection over Union (IoU) of 80,[SCI-001411#4result#chk-2026-e4d818-result-33],"Model testing employs Test Time Augmentation (TTA)
technology, generating augmented images through multi-scale
transformations and horizontal ﬂipping to enhance prediction
accuracy",[SCI-001411#325modelte#chk-2026-e4d818-model-testing-method-27],The FCN model achieved an average Intersection over Union (IoU) of 80,[SCI-001411#4result#chk-2026-e4d818-result-33],"Model testing employs Test Time Augmentation (TTA)
technology, generating augmented images through multi-scale
transformations and horizontal ﬂipping to enhance prediction
accuracy",[SCI-001411#325modelte#chk-2026-e4d818-model-testing-method-27],"Model performance is comprehensively evaluated using
multiple metrics, including: Intersection over Union (IoU),
accuracy, F1 score, precision, recall, as well as data loading time
and model runtime",[SCI-001411#326modelev#chk-2026-e4d818-model-evaluation-met-29]
SCI-001128,A Multi-Class Crop Field Identification Method Based on Semantic–SAM Fusion and UAV RGB Imagery,"{'family_name': 'Yang', 'given_name': 'Haoran', 'orcid': None}, {'family_name': 'Wang', 'given_name': 'Xinjun', 'orcid': None}, {'family_name': 'Liang', 'given_name': 'Qingfu', 'orcid': None}, {'family_name': 'Huang', 'given_name': 'Shuhan', 'orcid': None}, {'family_name': 'Wang', 'given_name': 'Panfeng', 'orcid': None}, {'family_name': 'Sheng', 'given_name': 'Jiandong', 'orcid': None}",2026,"and decreased over time using a Cosine Annealing strategy with the AdamW optimizer (implemented in the PyTorch deep learning framework, version 2",[SCI-001128#2materials#chk-2026-857943-materials-and-method-33],The 5:1 downsampling was adopted to balance spatial detail and computational feasibility,[SCI-001128#2materials#chk-2026-857943-materials-and-method-18],86,[SCI-001128#3results#chk-2026-857943-results-65],Aerotriangulation and orthomosaic generation were performed using Pix4Dmapper software (version 4,[SCI-001128#2materials#chk-2026-857943-materials-and-method-17],Note: The test was conducted using PSPNet + SAM under the same input image size and prompt settings,[SCI-001128#3results#chk-2026-857943-results-59],Aerotriangulation and orthomosaic generation were performed using Pix4Dmapper software (version 4,[SCI-001128#2materials#chk-2026-857943-materials-and-method-17],Note: The test was conducted using PSPNet + SAM under the same input image size and prompt settings,[SCI-001128#3results#chk-2026-857943-results-59]
SCI-001316,Research on UAV Remote Sensing Monitoring of Lightweight Wheat Lodging Segmentation Network Using Multimodal Fusion (RGB+DSM),"{'family_name': 'Yang', 'given_name': 'Chenchen', 'orcid': None}, {'family_name': 'Wang', 'given_name': 'Qang', 'orcid': None}, {'family_name': 'Duan', 'given_name': 'Xiaohong', 'orcid': None}",2026,Not Reported,,Not Reported,,0.0,,Not Reported,,0.0,,Not Reported,,0.0,
SCI-000134,Evaluating transformer- and CNN-based semantic segmentation models for sunflower inflorescence identification using a UAV RGB orthomosaic,"{'family_name': 'Yildirim', 'given_name': 'Esra', 'orcid': 'https://orcid.org/0000-0002-4951-0488'}, {'family_name': 'Colkesen', 'given_name': 'Ismail', 'orcid': 'https://orcid.org/0000-0001-9670-3023'}, {'family_name': 'Sefercik', 'given_name': 'Umut Gunes', 'orcid': 'https://orcid.org/0000-0003-2403-5956'}",2026,This study investigates the integration of transformer- and CNN-based semantic segmenta­ tion models with UAV imagery to identify sunflower inflorescences,[SCI-000134#methodolog#chk-2026-04cc4c-methodology-14],This study investigates the integration of transformer- and CNN-based semantic segmenta­ tion models with UAV imagery to identify sunflower inflorescences,[SCI-000134#methodolog#chk-2026-04cc4c-methodology-14],"Comparative evaluation of transformer- and CNN-based models for sunflower  segmentation

This study comprehensively evaluated fifteen state-of-the-art transformer- and CNN-based  semantic segmentation models for identifying sunflower inflorescences using a custom  UAV-derived dataset",[SCI-000134#resultsand#chk-2026-04cc4c-results-and-discussi-52],This study investigates the integration of transformer- and CNN-based semantic segmenta­ tion models with UAV imagery to identify sunflower inflorescences,[SCI-000134#methodolog#chk-2026-04cc4c-methodology-14],"Comparative evaluation of transformer- and CNN-based models for sunflower  segmentation

This study comprehensively evaluated fifteen state-of-the-art transformer- and CNN-based  semantic segmentation models for identifying sunflower inflorescences using a custom  UAV-derived dataset",[SCI-000134#resultsand#chk-2026-04cc4c-results-and-discussi-52],This study investigates the integration of transformer- and CNN-based semantic segmenta­ tion models with UAV imagery to identify sunflower inflorescences,[SCI-000134#methodolog#chk-2026-04cc4c-methodology-14],"Comparative evaluation of transformer- and CNN-based models for sunflower  segmentation

This study comprehensively evaluated fifteen state-of-the-art transformer- and CNN-based  semantic segmentation models for identifying sunflower inflorescences using a custom  UAV-derived dataset",[SCI-000134#resultsand#chk-2026-04cc4c-results-and-discussi-52]
SCI-000323,Link-adaptive edge-cloud inference for UAV-based plastic mulch residue assessment,"{'family_name': 'Zhao', 'given_name': 'Xinmiao', 'orcid': None}, {'family_name': 'Zhang', 'given_name': 'Jingjing', 'orcid': None}, {'family_name': 'Dolkun', 'given_name': 'Dilxat', 'orcid': None}, {'family_name': 'Xu', 'given_name': 'Jin', 'orcid': None}, {'family_name': 'An', 'given_name': 'Si', 'orcid': None}",2026,"The proposed framework was deployed on an NVIDIA Jetson Xavier NX onboard processor  coupled with a cloud server equipped with an NVIDIA A100-40GB GPU, integrated into a DJI  Matrice 300 RTK quadrotor carrying a Zenmuse P1 4/3-inch CMOS sensor that captured 4K  imagery at 30 Hz over plastic-mulched cotton fields in the Manas River basin of Xinjiang during  the 2024 pre-sowing residue assessment campaign, conducted before spring tillage when residual  film fragments remain exposed on bare soil",[SCI-000323#21experime#chk-2026-36fa5b-experimental-setup-14],"The proposed framework was deployed on an NVIDIA Jetson Xavier NX onboard processor  coupled with a cloud server equipped with an NVIDIA A100-40GB GPU, integrated into a DJI  Matrice 300 RTK quadrotor carrying a Zenmuse P1 4/3-inch CMOS sensor that captured 4K  imagery at 30 Hz over plastic-mulched cotton fields in the Manas River basin of Xinjiang during  the 2024 pre-sowing residue assessment campaign, conducted before spring tillage when residual  film fragments remain exposed on bare soil",[SCI-000323#21experime#chk-2026-36fa5b-experimental-setup-14],Computational and communication cost enters the framework at three points,[SCI-000323#25systemle#chk-2026-36fa5b-system-level-perform-33],"The proposed framework was deployed on an NVIDIA Jetson Xavier NX onboard processor  coupled with a cloud server equipped with an NVIDIA A100-40GB GPU, integrated into a DJI  Matrice 300 RTK quadrotor carrying a Zenmuse P1 4/3-inch CMOS sensor that captured 4K  imagery at 30 Hz over plastic-mulched cotton fields in the Manas River basin of Xinjiang during  the 2024 pre-sowing residue assessment campaign, conducted before spring tillage when residual  film fragments remain exposed on bare soil",[SCI-000323#21experime#chk-2026-36fa5b-experimental-setup-14],"System-level behaviour was characterised under the balanced operating point and aggregated over  six flight sessions conducted under field conditions during the pre-sowing window of 2024, when  residual film fragments are most accessible to UAV imaging on bare cotton soils",[SCI-000323#25systemle#chk-2026-36fa5b-system-level-perform-29],"Segmentation accuracy is reported as intersection-over-union of the residue class against manual  annotation on the held-out test partition, with F1 and Boundary IoU evaluated on a five-pixel  dilation kernel, computed on the mask the framework finally emits, that is, after cloud refinement

ACCEPTED MANUSCRIPT

ARTICLE IN PRESS

and temporal fusion where these occur, so that the figure reflects the output available to a  downstream user rather than the output of any single branch",[SCI-000323#21experime#chk-2026-36fa5b-experimental-setup-16],Computational and communication cost enters the framework at three points,[SCI-000323#25systemle#chk-2026-36fa5b-system-level-perform-33]
